"id","sent"
21,0
23,0
26,0
27,0
30,0
33,0
35,0
45,0
49,0
50,0
51,0
52,0
54,0
55,0
56,0
59,0
61,0
63,0
74,0
76,0
78,0
86,0
92,0
95,0
96,0
97,0
107,0
112,0
113,0
116,0
120,0
122,0
125,0
130,0
132,0
133,0
135,0
138,0
139,0
140,0
149,0
154,0
155,0
158,0
162,0
163,0
164,0
166,0
167,0
168,0
173,0
176,0
177,0
181,0
183,0
185,0
190,0
193,0
202,0
206,0
217,0
218,0
222,0
223,0
228,0
229,0
233,0
238,0
239,0
240,0
242,0
262,0
279,0
280,0
282,0
285,0
290,0
294,0
297,0
304,0
305,0
313,0
319,0
320,0
328,0
330,0
335,0
338,0
343,0
353,0
354,0
356,0
362,0
366,0
371,0
377,0
381,0
386,0
394,0
401,0
406,0
407,0
415,0
416,0
420,0
425,0
438,0
444,0
451,0
458,0
464,0
465,0
469,0
470,0
472,0
473,0
475,0
478,0
480,0
484,0
491,0
493,0
499,0
500,0
501,0
502,0
508,0
524,0
527,0
528,0
529,0
538,0
546,0
548,0
554,0
556,0
561,0
562,0
565,0
573,0
581,0
582,0
593,0
597,0
599,0
601,0
602,0
605,0
615,0
631,0
633,0
634,0
639,0
641,0
645,0
646,0
650,0
652,0
655,0
657,0
658,0
659,0
662,0
666,0
667,0
668,0
670,0
673,0
680,0
688,0
690,0
692,0
694,0
698,0
700,0
701,0
711,0
715,0
724,0
725,0
728,0
749,0
750,0
753,0
760,0
763,0
766,0
769,0
771,0
774,0
775,0
784,0
798,0
799,0
800,0
805,0
806,0
807,0
819,0
822,0
831,0
840,0
842,0
843,0
844,0
851,0
855,0
860,0
868,0
873,0
885,0
893,0
898,0
899,0
900,0
901,0
920,0
921,0
923,0
926,0
930,0
931,0
933,0
942,0
944,0
950,0
955,0
960,0
969,0
970,0
972,0
977,0
978,0
988,0
990,0
991,0
993,0
994,0
1002,0
1009,0
1016,0
1018,0
1020,0
1027,0
1039,0
1058,0
1064,0
1066,0
1084,0
1087,0
1090,0
1100,0
1104,0
1113,0
1120,0
1125,0
1126,0
1130,0
1132,0
1136,0
1140,0
1142,0
1148,0
1149,0
1152,0
1161,0
1162,0
1174,0
1181,0
1182,0
1185,0
1194,0
1198,0
1202,0
1204,0
1210,0
1211,0
1216,0
1217,0
1218,0
1219,0
1223,0
1226,0
1229,0
1234,0
1235,0
1242,0
1247,0
1251,0
1266,0
1267,0
1270,0
1277,0
1278,0
1280,0
1281,0
1282,0
1284,0
1289,0
1294,0
1295,0
1304,0
1308,0
1310,0
1311,0
1314,0
1321,0
1322,0
1325,0
1328,0
1332,0
1335,0
1336,0
1338,0
1346,0
1352,0
1354,0
1355,0
1356,0
1357,0
1358,0
1366,0
1368,0
1370,0
1371,0
1373,0
1374,0
1378,0
1379,0
1381,0
1383,0
1386,0
1390,0
1392,0
1393,0
1400,0
1401,0
1402,0
1405,0
1406,0
1412,0
1413,0
1416,0
1420,0
1423,0
1429,0
1431,0
1434,0
1438,0
1440,0
1445,0
1448,0
1463,0
1475,0
1484,0
1485,0
1497,0
1498,0
1503,0
1507,0
1511,0
1516,0
1519,0
1521,0
1525,0
1527,0
1533,0
1534,0
1536,0
1537,0
1550,0
1553,0
1554,0
1557,0
1558,0
1561,0
1564,0
1569,0
1571,0
1577,0
1579,0
1596,0
1598,0
1600,0
1603,0
1606,0
1613,0
1616,0
1618,0
1619,0
1628,0
1634,0
1637,0
1639,0
1642,0
1644,0
1648,0
1649,0
1651,0
1654,0
1655,0
1658,0
1659,0
1660,0
1662,0
1665,0
1669,0
1670,0
1676,0
1677,0
1678,0
1680,0
1682,0
1684,0
1686,0
1692,0
1693,0
1699,0
1704,0
1708,0
1711,0
1716,0
1717,0
1724,0
1727,0
1728,0
1733,0
1735,0
1738,0
1740,0
1742,0
1746,0
1748,0
1751,0
1756,0
1758,0
1765,0
1766,0
1768,0
1771,0
1772,0
1776,0
1778,0
1781,0
1788,0
1791,0
1796,0
1797,0
1800,0
1803,0
1809,0
1810,0
1812,0
1821,0
1827,0
1839,0
1844,0
1845,0
1846,0
1848,0
1856,0
1857,0
1865,0
1867,0
1879,0
1882,0
1883,0
1890,0
1895,0
1902,0
1908,0
1909,0
1911,0
1913,0
1926,0
1933,0
1936,0
1941,0
1955,0
1957,0
1959,0
1963,0
1966,0
1973,0
1974,0
1975,0
1976,0
1978,0
1979,0
1980,0
1983,0
1985,0
1986,0
1995,0
1997,0
2001,0
2002,0
2003,0
2016,0
2022,0
2024,0
2030,0
2031,0
2032,0
2036,0
2038,0
2040,0
2044,0
2051,0
2052,0
2056,0
2057,0
2067,0
2070,0
2073,0
2080,0
2084,0
2085,0
2100,0
2101,0
2102,0
2107,0
2109,0
2111,0
2112,0
2116,0
2117,0
2118,0
2121,0
2125,0
2130,0
2132,0
2144,0
2148,0
2149,0
2154,0
2158,0
2168,0
2171,0
2181,0
2185,0
2190,0
2192,0
2198,0
2207,0
2209,0
2210,0
2220,0
2221,0
2229,0
2231,0
2232,0
2235,0
2254,0
2259,0
2260,0
2262,0
2263,0
2266,0
2269,0
2281,0
2287,0
2289,0
2290,0
2293,0
2294,0
2300,0
2301,0
2302,0
2313,0
2319,0
2320,0
2322,0
2324,0
2325,0
2326,0
2345,0
2351,0
2362,0
2363,0
2364,0
2365,0
2369,0
2377,0
2383,0
2384,0
2388,0
2391,0
2393,0
2403,0
2404,0
2405,0
2406,0
2412,0
2414,0
2419,0
2420,0
2424,0
2426,0
2428,0
2429,0
2433,0
2436,0
2439,0
2452,0
2456,0
2458,0
2462,0
2468,0
2472,0
2477,0
2478,0
2481,0
2482,0
2489,0
2493,0
2494,0
2499,0
2504,0
2507,0
2514,0
2521,0
2529,0
2534,0
2536,0
2539,0
2549,0
2552,0
2557,0
2559,0
2567,0
2569,0
2574,0
2575,0
2576,0
2577,0
2578,0
2580,0
2585,0
2588,0
2594,0
2595,0
2600,0
2601,0
2603,0
2612,0
2618,0
2619,0
2620,0
2623,0
2625,0
2626,0
2632,0
2639,0
2643,0
2646,0
2653,0
2659,0
2661,0
2667,0
2668,0
2671,0
2672,0
2678,0
2679,0
2682,0
2683,0
2684,0
2693,0
2694,0
2695,0
2697,0
2700,0
2703,0
2704,0
2706,0
2710,0
2718,0
2723,0
2726,0
2727,0
2728,0
2732,0
2738,0
2749,0
2751,0
2765,0
2772,0
2778,0
2785,0
2787,0
2791,0
2797,0
2802,0
2805,0
2807,0
2808,0
2820,0
2827,0
2832,0
2833,0
2836,0
2838,0
2841,0
2843,0
2847,0
2850,0
2852,0
2854,0
2856,0
2863,0
2864,0
2868,0
2892,0
2896,0
2898,0
2904,0
2910,0
2912,0
2914,0
2919,0
2922,0
2924,0
2927,0
2929,0
2961,0
2966,0
2981,0
2982,0
2984,0
2986,0
2987,0
2992,0
2994,0
2995,0
3004,0
3005,0
3008,0
3009,0
3012,0
3022,0
3026,0
3035,0
3063,0
3072,0
3073,0
3075,0
3078,0
3079,0
3083,0
3088,0
3095,0
3096,0
3098,0
3105,0
3108,0
3113,0
3122,0
3127,0
3137,0
3140,0
3141,0
3150,0
3152,0
3153,0
3160,0
3163,0
3165,0
3167,0
3173,0
3177,0
3182,0
3187,0
3188,0
3196,0
3199,0
3200,0
3205,0
3206,0
3208,0
3218,0
3225,0
3226,0
3228,0
3230,0
3234,0
3243,0
3261,0
3263,0
3265,0
3267,0
3268,0
3271,0
3272,0
3273,0
3274,0
3280,0
3282,0
3293,0
3294,0
3296,0
3298,0
3300,0
3304,0
3306,0
3310,0
3311,0
3314,0
3316,0
3318,0
3322,0
3323,0
3328,0
3330,0
3337,0
3339,0
3340,0
3348,0
3350,0
3358,0
3363,0
3366,0
3383,0
3384,0
3388,0
3389,0
3393,0
3400,0
3408,0
3410,0
3415,0
3417,0
3420,0
3421,0
3425,0
3426,0
3427,0
3428,0
3429,0
3430,0
3431,0
3446,0
3449,0
3453,0
3463,0
3466,0
3468,0
3469,0
3470,0
3472,0
3474,0
3482,0
3493,0
3495,0
3500,0
3503,0
3509,0
3510,0
3518,0
3530,0
3533,0
3540,0
3543,0
3546,0
3552,0
3554,0
3556,0
3558,0
3559,0
3563,0
3565,0
3576,0
3580,0
3591,0
3592,0
3593,0
3594,0
3595,0
3603,0
3609,0
3610,0
3616,0
3620,0
3625,0
3629,0
3631,0
3638,0
3647,0
3649,0
3653,0
3658,0
3661,0
3669,0
3678,0
3685,0
3686,0
3688,0
3689,0
3690,0
3695,0
3697,0
3698,0
3701,0
3707,0
3709,0
3718,0
3719,0
3728,0
3729,0
3730,0
3731,0
3738,0
3739,0
3741,0
3744,0
3747,0
3749,0
3753,0
3758,0
3759,0
3761,0
3762,0
3771,0
3772,0
3776,0
3794,0
3795,0
3798,0
3803,0
3809,0
3814,0
3822,0
3823,0
3826,0
3828,0
3836,0
3838,0
3845,0
3851,0
3856,0
3857,0
3858,0
3863,0
3864,0
3865,0
3867,0
3868,0
3873,0
3874,0
3888,0
3892,0
3893,0
3894,0
3896,0
3902,0
3908,0
3909,0
3912,0
3915,0
3919,0
3924,0
3932,0
3935,0
3939,0
3942,0
3950,0
3952,0
3955,0
3957,0
3968,0
3969,0
3971,0
3973,0
3977,0
3978,0
3983,0
3984,0
3992,0
3994,0
3995,0
3996,0
3999,0
4003,0
4006,0
4012,0
4023,0
4031,0
4033,0
4034,0
4036,0
4037,0
4044,0
4046,0
4047,0
4048,0
4049,0
4051,0
4052,0
4055,0
4061,0
4062,0
4064,0
4069,0
4071,0
4078,0
4082,0
4083,0
4088,0
4094,0
4096,0
4099,0
4103,0
4104,0
4109,0
4113,0
4117,0
4122,0
4123,0
4136,0
4137,0
4143,0
4145,0
4147,0
4149,0
4150,0
4157,0
4165,0
4169,0
4170,0
4182,0
4184,0
4185,0
4186,0
4188,0
4200,0
4203,0
4206,0
4207,0
4211,0
4212,0
4215,0
4217,0
4219,0
4222,0
4225,0
4233,0
4235,0
4253,0
4258,0
4259,0
4266,0
4267,0
4268,0
4270,0
4274,0
4276,0
4277,0
4283,0
4284,0
4300,0
4304,0
4313,0
4314,0
4323,0
4329,0
4336,0
4338,0
4339,0
4344,0
4350,0
4352,0
4355,0
4363,0
4368,0
4370,0
4372,0
4374,0
4375,0
4376,0
4381,0
4386,0
4387,0
4390,0
4391,0
4396,0
4403,0
4409,0
4411,0
4412,0
4413,0
4415,0
4429,0
4433,0
4435,0
4443,0
4455,0
4464,0
4465,0
4473,0
4474,0
4476,0
4480,0
4486,0
4487,0
4488,0
4492,0
4499,0
4510,0
4517,0
4530,0
4534,0
4535,0
4541,0
4542,0
4544,0
4546,0
4547,0
4548,0
4552,0
4558,0
4566,0
4567,0
4568,0
4572,0
4583,0
4585,0
4589,0
4601,0
4602,0
4603,0
4604,0
4605,0
4610,0
4622,0
4626,0
4628,0
4630,0
4635,0
4636,0
4640,0
4643,0
4645,0
4648,0
4656,0
4659,0
4662,0
4668,0
4671,0
4672,0
4676,0
4679,0
4686,0
4687,0
4695,0
4697,0
4698,0
4705,0
4712,0
4718,0
4719,0
4720,0
4721,0
4723,0
4724,0
4725,0
4732,0
4741,0
4745,0
4746,0
4750,0
4751,0
4754,0
4755,0
4759,0
4771,0
4774,0
4775,0
4776,0
4780,0
4781,0
4783,0
4784,0
4790,0
4791,0
4797,0
4807,0
4811,0
4814,0
4818,0
4821,0
4824,0
4827,0
4831,0
4835,0
4843,0
4844,0
4848,0
4855,0
4860,0
4864,0
4870,0
4871,0
4876,0
4879,0
4880,0
4881,0
4882,0
4884,0
4886,0
4887,0
4889,0
4891,0
4894,0
4896,0
4903,0
4906,0
4910,0
4911,0
4913,0
4919,0
4923,0
4925,0
4932,0
4941,0
4944,0
4946,0
4947,0
4952,0
4953,0
4957,0
4958,0
4959,0
4960,0
4962,0
4973,0
4982,0
4989,0
4990,0
4992,0
4993,0
4995,0
5002,0
5004,0
5018,0
5020,0
5024,0
5027,0
5030,0
5036,0
5044,0
5051,0
5053,0
5056,0
5057,0
5060,0
5061,0
5062,0
5063,0
5064,0
5066,0
5067,0
5068,0
5070,0
5077,0
5078,0
5079,0
5081,0
5083,0
5086,0
5088,0
5097,0
5102,0
5104,0
5105,0
5109,0
5120,0
5124,0
5125,0
5131,0
5136,0
5137,0
5142,0
5143,0
5145,0
5149,0
5150,0
5152,0
5156,0
5157,0
5167,0
5173,0
5174,0
5181,0
5182,0
5193,0
5200,0
5201,0
5216,0
5219,0
5221,0
5229,0
5240,0
5241,0
5242,0
5246,0
5248,0
5252,0
5258,0
5261,0
5264,0
5265,0
5266,0
5267,0
5276,0
5278,0
5280,0
5289,0
5302,0
5303,0
5304,0
5308,0
5312,0
5323,0
5325,0
5342,0
5343,0
5345,0
5347,0
5350,0
5352,0
5362,0
5364,0
5365,0
5369,0
5379,0
5400,0
5402,0
5409,0
5412,0
5421,0
5423,0
5426,0
5428,0
5434,0
5435,0
5441,0
5443,0
5447,0
5452,0
5455,0
5459,0
5461,0
5462,0
5469,0
5471,0
5474,0
5476,0
5480,0
5487,0
5490,0
5494,0
5497,0
5498,0
5499,0
5501,0
5502,0
5514,0
5517,0
5518,0
5520,0
5522,0
5524,0
5525,0
5528,0
5529,0
5537,0
5540,0
5550,0
5552,0
5555,0
5560,0
5562,0
5565,0
5568,0
5573,0
5577,0
5578,0
5580,0
5582,0
5583,0
5587,0
5589,0
5595,0
5599,0
5606,0
5610,0
5615,0
5621,0
5622,0
5623,0
5628,0
5630,0
5640,0
5641,0
5643,0
5657,0
5666,0
5667,0
5678,0
5679,0
5681,0
5682,0
5684,0
5688,0
5689,0
5691,0
5704,0
5710,0
5712,0
5715,0
5716,0
5720,0
5722,0
5726,0
5728,0
5733,0
5734,0
5741,0
5743,0
5754,0
5758,0
5760,0
5761,0
5766,0
5772,0
5774,0
5776,0
5780,0
5782,0
5789,0
5794,0
5796,0
5803,0
5806,0
5810,0
5812,0
5817,0
5818,0
5825,0
5826,0
5829,0
5835,0
5837,0
5844,0
5849,0
5850,0
5851,0
5853,0
5864,0
5868,0
5878,0
5880,0
5882,0
5891,0
5893,0
5895,0
5896,0
5897,0
5902,0
5909,0
5911,0
5916,0
5917,0
5919,0
5925,0
5929,0
5933,0
5934,0
5946,0
5948,0
5952,0
5953,0
5954,0
5955,0
5960,0
5963,0
5969,0
5979,0
5980,0
5984,0
5988,0
5995,0
5996,0
5999,0
6005,0
6006,0
6010,0
6011,0
6015,0
6024,0
6025,0
6027,0
6029,0
6030,0
6033,0
6037,0
6038,0
6039,0
6049,0
6050,0
6058,0
6059,0
6064,0
6066,0
6070,0
6074,0
6078,0
6083,0
6087,0
6089,0
6097,0
6099,0
6106,0
6111,0
6125,0
6129,0
6136,0
6143,0
6147,0
6149,0
6150,0
6155,0
6159,0
6167,0
6174,0
6177,0
6179,0
6183,0
6186,0
6187,0
6188,0
6189,0
6193,0
6196,0
6198,0
6202,0
6204,0
6205,0
6207,0
6208,0
6214,0
6215,0
6216,0
6219,0
6223,0
6233,0
6235,0
6242,0
6246,0
6249,0
6250,0
6253,0
6254,0
6260,0
6270,0
6274,0
6278,0
6279,0
6284,0
6285,0
6294,0
6296,0
6299,0
6302,0
6303,0
6304,0
6309,0
6312,0
6314,0
6315,0
6317,0
6318,0
6322,0
6331,0
6333,0
6334,0
6335,0
6343,0
6347,0
6350,0
6355,0
6358,0
6362,0
6368,0
6371,0
6376,0
6382,0
6385,0
6392,0
6397,0
6402,0
6409,0
6410,0
6420,0
6424,0
6427,0
6431,0
6434,0
6435,0
6439,0
6445,0
6450,0
6452,0
6453,0
6458,0
6460,0
6471,0
6472,0
6473,0
6477,0
6483,0
6488,0
6490,0
6491,0
6496,0
6497,0
6499,0
6504,0
6505,0
6510,0
6520,0
6523,0
6524,0
6532,0
6539,0
6545,0
6547,0
6550,0
6560,0
6561,0
6562,0
6565,0
6569,0
6570,0
6575,0
6576,0
6577,0
6578,0
6579,0
6581,0
6582,0
6583,0
6589,0
6592,0
6593,0
6594,0
6597,0
6601,0
6603,0
6604,0
6605,0
6607,0
6617,0
6618,0
6620,0
6622,0
6623,0
6624,0
6626,0
6630,0
6635,0
6639,0
6644,0
6645,0
6646,0
6647,0
6648,0
6649,0
6654,0
6660,0
6662,0
6669,0
6670,0
6680,0
6695,0
6698,0
6701,0
6702,0
6703,0
6710,0
6711,0
6713,0
6725,0
6732,0
6733,0
6735,0
6736,0
6740,0
6750,0
6751,0
6755,0
6756,0
6757,0
6767,0
6769,0
6778,0
6782,0
6785,0
6786,0
6789,0
6791,0
6798,0
6800,0
6803,0
6808,0
6811,0
6812,0
6827,0
6831,0
6832,0
6838,0
6842,0
6844,0
6847,0
6858,0
6862,0
6868,0
6881,0
6883,0
6887,0
6888,0
6894,0
6895,0
6898,0
6902,0
6904,0
6905,0
6907,0
6912,0
6915,0
6917,0
6920,0
6925,0
6931,0
6937,0
6938,0
6939,0
6943,0
6955,0
6958,0
6965,0
6971,0
6974,0
6977,0
6978,0
6979,0
6983,0
6987,0
6988,0
6998,0
6999,0
7002,0
7006,0
7009,0
7027,0
7030,0
7038,0
7039,0
7040,0
7045,0
7046,0
7053,0
7063,0
7065,0
7067,0
7069,0
7081,0
7082,0
7083,0
7084,0
7088,0
7097,0
7101,0
7103,0
7110,0
7115,0
7117,0
7118,0
7124,0
7125,0
7129,0
7131,0
7134,0
7147,0
7149,0
7152,0
7153,0
7159,0
7162,0
7170,0
7176,0
7181,0
7182,0
7198,0
7200,0
7201,0
7203,0
7206,0
7208,0
7209,0
7211,0
7213,0
7215,0
7220,0
7225,0
7228,0
7232,0
7242,0
7245,0
7252,0
7253,0
7258,0
7263,0
7269,0
7271,0
7272,0
7295,0
7296,0
7298,0
7299,0
7303,0
7304,0
7306,0
7314,0
7327,0
7329,0
7330,0
7334,0
7335,0
7341,0
7343,0
7348,0
7349,0
7350,0
7354,0
7356,0
7357,0
7361,0
7366,0
7367,0
7368,0
7372,0
7373,0
7374,0
7377,0
7383,0
7385,0
7388,0
7389,0
7393,0
7399,0
7404,0
7407,0
7421,0
7426,0
7428,0
7430,0
7435,0
7436,0
7437,0
7440,0
7448,0
7451,0
7457,0
7460,0
7462,0
7465,0
7468,0
7473,0
7477,0
7485,0
7488,0
7489,0
7493,0
7496,0
7498,0
7499,0
7502,0
7505,0
7509,0
7510,0
7511,0
7514,0
7518,0
7521,0
7522,0
7530,0
7535,0
7536,0
7537,0
7542,0
7544,0
7551,0
7554,0
7556,0
7557,0
7561,0
7563,0
7566,0
7570,0
7571,0
7576,0
7580,0
7581,0
7600,0
7604,0
7609,0
7610,0
7614,0
7618,0
7619,0
7625,0
7629,0
7637,0
7642,0
7644,0
7650,0
7651,0
7658,0
7659,0
7666,0
7672,0
7673,0
7675,0
7677,0
7681,0
7686,0
7688,0
7690,0
7693,0
7697,0
7703,0
7705,0
7711,0
7714,0
7715,0
7717,0
7719,0
7726,0
7729,0
7732,0
7745,0
7746,0
7750,0
7753,0
7756,0
7759,0
7763,0
7764,0
7770,0
7771,0
7780,0
7782,0
7783,0
7784,0
7789,0
7791,0
7803,0
7808,0
7811,0
7812,0
7815,0
7818,0
7821,0
7828,0
7838,0
7844,0
7851,0
7862,0
7868,0
7878,0
7883,0
7885,0
7891,0
7892,0
7901,0
7902,0
7905,0
7906,0
7912,0
7915,0
7923,0
7924,0
7932,0
7935,0
7937,0
7938,0
7939,0
7947,0
7949,0
7950,0
7952,0
7953,0
7955,0
7957,0
7959,0
7971,0
7973,0
7974,0
7978,0
7982,0
7987,0
7988,0
7999,0
8001,0
8003,0
8008,0
8010,0
8012,0
8018,0
8023,0
8036,0
8039,0
8040,0
8042,0
8043,0
8044,0
8045,0
8047,0
8050,0
8057,0
8059,0
8070,0
8073,0
8076,0
8078,0
8079,0
8081,0
8086,0
8088,0
8093,0
8097,0
8101,0
8118,0
8121,0
8122,0
8125,0
8126,0
8128,0
8129,0
8131,0
8132,0
8133,0
8141,0
8142,0
8151,0
8156,0
8159,0
8161,0
8165,0
8166,0
8167,0
8169,0
8173,0
8174,0
8177,0
8181,0
8182,0
8183,0
8185,0
8188,0
8190,0
8192,0
8194,0
8195,0
8197,0
8201,0
8206,0
8211,0
8218,0
8229,0
8232,0
8235,0
8241,0
8242,0
8249,0
8251,0
8254,0
8255,0
8259,0
8260,0
8261,0
8264,0
8265,0
8266,0
8274,0
8277,0
8278,0
8280,0
8286,0
8288,0
8290,0
8294,0
8301,0
8306,0
8310,0
8312,0
8319,0
8331,0
8339,0
8341,0
8354,0
8359,0
8366,0
8368,0
8372,0
8377,0
8378,0
8379,0
8389,0
8395,0
8397,0
8398,0
8402,0
8403,0
8404,0
8408,0
8409,0
8413,0
8414,0
8428,0
8431,0
8435,0
8440,0
8449,0
8454,0
8459,0
8460,0
8463,0
8472,0
8479,0
8482,0
8483,0
8487,0
8492,0
8493,0
8498,0
8501,0
8502,0
8503,0
8504,0
8510,0
8512,0
8521,0
8524,0
8532,0
8538,0
8547,0
8548,0
8550,0
8551,0
8556,0
8558,0
8560,0
8561,0
8563,0
8567,0
8585,0
8589,0
8598,0
8602,0
8603,0
8608,0
8612,0
8619,0
8634,0
8638,0
8641,0
8642,0
8645,0
8656,0
8671,0
8678,0
8680,0
8681,0
8687,0
8692,0
8693,0
8699,0
8700,0
8711,0
8712,0
8716,0
8721,0
8725,0
8726,0
8730,0
8734,0
8743,0
8750,0
8754,0
8756,0
8757,0
8764,0
8767,0
8769,0
8775,0
8781,0
8783,0
8784,0
8792,0
8795,0
8802,0
8813,0
8815,0
8819,0
8823,0
8830,0
8832,0
8836,0
8843,0
8845,0
8846,0
8852,0
8854,0
8868,0
8873,0
8880,0
8888,0
8889,0
8893,0
8896,0
8898,0
8908,0
8910,0
8913,0
8930,0
8935,0
8939,0
8940,0
8946,0
8953,0
8957,0
8961,0
8964,0
8967,0
8968,0
8970,0
8971,0
8972,0
8981,0
8982,0
8985,0
8987,0
8989,0
8993,0
8994,0
8996,0
8998,0
9004,0
9006,0
9010,0
9011,0
9012,0
9016,0
9017,0
9024,0
9032,0
9038,0
9039,0
9041,0
9049,0
9050,0
9052,0
9058,0
9060,0
9066,0
9067,0
9075,0
9078,0
9082,0
9097,0
9098,0
9109,0
9112,0
9118,0
9119,0
9121,0
9126,0
9144,0
9146,0
9147,0
9154,0
9158,0
9160,0
9161,0
9163,0
9167,0
9174,0
9175,0
9183,0
9184,0
9185,0
9189,0
9192,0
9195,0
9201,0
9209,0
9210,0
9213,0
9217,0
9220,0
9223,0
9226,0
9232,0
9237,0
9239,0
9243,0
9254,0
9260,0
9266,0
9274,0
9275,0
9277,0
9290,0
9294,0
9299,0
9300,0
9308,0
9309,0
9315,0
9320,0
9321,0
9325,0
9328,0
9330,0
9334,0
9342,0
9344,0
9349,0
9350,0
9353,0
9357,0
9359,0
9367,0
9369,0
9370,0
9372,0
9374,0
9386,0
9390,0
9392,0
9397,0
9398,0
9401,0
9402,0
9405,0
9406,0
9407,0
9409,0
9417,0
9419,0
9425,0
9433,0
9434,0
9436,0
9437,0
9449,0
9453,0
9455,0
9462,0
9464,0
9465,0
9468,0
9473,0
9475,0
9479,0
9481,0
9487,0
9497,0
9498,0
9503,0
9508,0
9510,0
9512,0
9518,0
9521,0
9523,0
9524,0
9534,0
9537,0
9538,0
9540,0
9548,0
9562,0
9564,0
9570,0
9573,0
9576,0
9581,0
9583,0
9585,0
9593,0
9594,0
9600,0
9603,0
9610,0
9611,0
9619,0
9621,0
9626,0
9627,0
9642,0
9647,0
9660,0
9684,0
9689,0
9691,0
9693,0
9703,0
9704,0
9705,0
9707,0
9713,0
9714,0
9716,0
9719,0
9722,0
9723,0
9724,0
9726,0
9727,0
9730,0
9731,0
9732,0
9734,0
9737,0
9748,0
9751,0
9760,0
9766,0
9771,0
9772,0
9775,0
9776,0
9782,0
9784,0
9787,0
9788,0
9792,0
9795,0
9798,0
9802,0
9804,0
9822,0
9833,0
9836,0
9844,0
9849,0
9853,0
9858,0
9862,0
9864,0
9868,0
9872,0
9874,0
9879,0
9881,0
9885,0
9890,0
9893,0
9895,0
9898,0
9900,0
9902,0
9907,0
9911,0
9914,0
9916,0
9918,0
9921,0
9928,0
9929,0
9932,0
9935,0
9936,0
9946,0
9947,0
9948,0
9950,0
9960,0
9961,0
9966,0
9968,0
9974,0
9985,0
9986,0
9988,0
9991,0
9995,0
9997,0
10000,0
10023,0
10029,0
10032,0
10045,0
10049,0
10050,0
10051,0
10053,0
10054,0
10057,0
10058,0
10062,0
10073,0
10075,0
10080,0
10087,0
10091,0
10093,0
10100,0
10105,0
10107,0
10108,0
10117,0
10121,0
10130,0
10132,0
10133,0
10137,0
10145,0
10146,0
10153,0
10162,0
10166,0
10176,0
10179,0
10183,0
10185,0
10188,0
10189,0
10191,0
10193,0
10200,0
10208,0
10212,0
10213,0
10214,0
10222,0
10224,0
10226,0
10231,0
10234,0
10235,0
10236,0
10237,0
10241,0
10248,0
10255,0
10257,0
10259,0
10261,0
10264,0
10265,0
10270,0
10275,0
10284,0
10287,0
10290,0
10295,0
10297,0
10307,0
10323,0
10327,0
10328,0
10330,0
10342,0
10343,0
10348,0
10351,0
10353,0
10354,0
10359,0
10361,0
10367,0
10368,0
10369,0
10379,0
10380,0
10381,0
10383,0
10390,0
10392,0
10393,0
10395,0
10398,0
10402,0
10407,0
10409,0
10413,0
10414,0
10417,0
10426,0
10428,0
10431,0
10432,0
10436,0
10446,0
10448,0
10456,0
10457,0
10458,0
10459,0
10462,0
10466,0
10471,0
10472,0
10473,0
10477,0
10502,0
10503,0
10523,0
10530,0
10531,0
10541,0
10547,0
10548,0
10552,0
10553,0
10554,0
10557,0
10559,0
10563,0
10570,0
10573,0
10575,0
10589,0
10591,0
10592,0
10594,0
10598,0
10600,0
10603,0
10609,0
10614,0
10617,0
10628,0
10633,0
10636,0
10643,0
10645,0
10648,0
10655,0
10658,0
10660,0
10662,0
10669,0
10670,0
10673,0
10679,0
10681,0
10684,0
10689,0
10699,0
10705,0
10709,0
10716,0
10718,0
10721,0
10722,0
10723,0
10724,0
10728,0
10731,0
10732,0
10744,0
10745,0
10751,0
10754,0
10764,0
10765,0
10775,0
10776,0
10785,0
10795,0
10802,0
10813,0
10816,0
10821,0
10824,0
10827,0
10828,0
10829,0
10832,0
10836,0
10844,0
10850,0
10861,0
10865,0
10869,0
10870,0
10872,0
10886,0
10887,0
10889,0
10890,0
10894,0
10898,0
10899,0
10900,0
10903,0
10907,0
10911,0
10922,0
10924,0
10925,0
10926,0
10933,0
10934,0
10938,0
10939,0
10949,0
10951,0
10957,0
10961,0
10967,0
10970,0
10975,0
10977,0
10982,0
10984,0
10992,0
10999,0
11000,0
11001,0
11008,0
11012,0
11013,0
11015,0
11016,0
11028,0
11032,0
11033,0
11035,0
11036,0
11043,0
11046,0
11051,0
11060,0
11071,0
11079,0
11085,0
11087,0
11092,0
11093,0
11095,0
11099,0
11103,0
11105,0
11113,0
11114,0
11116,0
11118,0
11119,0
11126,0
11134,0
11137,0
11141,0
11146,0
11151,0
11153,0
11159,0
11164,0
11166,0
11167,0
11171,0
11173,0
11183,0
11185,0
11188,0
11193,0
11195,0
11196,0
11199,0
11203,0
11211,0
11215,0
11216,0
11221,0
11228,0
11230,0
11231,0
11237,0
11238,0
11240,0
11241,0
11251,0
11255,0
11256,0
11258,0
11260,0
11261,0
11265,0
11274,0
11278,0
11284,0
11285,0
11292,0
11297,0
11304,0
11305,0
11307,0
11309,0
11311,0
11316,0
11319,0
11320,0
11321,0
11329,0
11330,0
11331,0
11336,0
11338,0
11345,0
11352,0
11369,0
11379,0
11380,0
11387,0
11391,0
11393,0
11395,0
11397,0
11404,0
11416,0
11418,0
11429,0
11434,0
11440,0
11441,0
11454,0
11458,0
11460,0
11465,0
11472,0
11477,0
11482,0
11491,0
11497,0
11500,0
11501,0
11502,0
11506,0
11507,0
11513,0
11515,0
11516,0
11525,0
11526,0
11535,0
11536,0
11541,0
11549,0
11560,0
11563,0
11566,0
11569,0
11572,0
11576,0
11578,0
11581,0
11582,0
11584,0
11585,0
11586,0
11588,0
11591,0
11605,0
11607,0
11612,0
11616,0
11620,0
11630,0
11641,0
11644,0
11648,0
11650,0
11653,0
11654,0
11658,0
11659,0
11661,0
11663,0
11665,0
11667,0
11671,0
11676,0
11678,0
11679,0
11686,0
11691,0
11692,0
11698,0
11708,0
11720,0
11721,0
11722,0
11726,0
11727,0
11729,0
11733,0
11739,0
11741,0
11742,0
11748,0
11749,0
11751,0
11752,0
11753,0
11754,0
11756,0
11757,0
11766,0
11775,0
11792,0
11813,0
11815,0
11822,0
11826,0
11841,0
11847,0
11848,0
11849,0
11852,0
11854,0
11855,0
11859,0
11866,0
11872,0
11881,0
11883,0
11885,0
11887,0
11888,0
11910,0
11911,0
11913,0
11920,0
11928,0
11936,0
11941,0
11947,0
11950,0
11951,0
11953,0
11954,0
11956,0
11963,0
11968,0
11971,0
11973,0
11978,0
11980,0
11984,0
11986,0
11990,0
11992,0
11993,0
11996,0
11997,0
12000,0
12003,0
12007,0
12013,0
12017,0
12021,0
12023,0
12028,0
12030,0
12046,0
12047,0
12050,0
12055,0
12056,0
12062,0
12063,0
12068,0
12070,0
12071,0
12077,0
12078,0
12080,0
12081,0
12084,0
12090,0
12093,0
12094,0
12097,0
12101,0
12121,0
12127,0
12131,0
12132,0
12136,0
12146,0
12147,0
12152,0
12155,0
12157,0
12158,0
12160,0
12166,0
12168,0
12174,0
12176,0
12181,0
12184,0
12185,0
12187,0
12190,0
12191,0
12192,0
12193,0
12194,0
12195,0
12196,0
12197,0
12198,0
12200,0
12205,0
12206,0
12207,0
12212,0
12216,0
12218,0
12219,0
12222,0
12224,0
12226,0
12239,0
12240,0
12242,0
12247,0
12248,0
12263,0
12268,0
12272,0
12278,0
12287,0
12289,0
12299,0
12310,0
12312,0
12313,0
12314,0
12315,0
12327,0
12330,0
12336,0
12339,0
12347,0
12355,0
12359,0
12360,0
12362,0
12363,0
12364,0
12370,0
12374,0
12378,0
12387,0
12389,0
12391,0
12392,0
12393,0
12394,0
12397,0
12399,0
12400,0
12408,0
12409,0
12411,0
12423,0
12430,0
12433,0
12435,0
12445,0
12446,0
12451,0
12452,0
12453,0
12461,0
12463,0
12474,0
12479,0
12481,0
12486,0
12505,0
12508,0
12513,0
12517,0
12518,0
12522,0
12524,0
12525,0
12526,0
12529,0
12534,0
12536,0
12542,0
12551,0
12560,0
12561,0
12565,0
12566,0
12576,0
12579,0
12605,0
12607,0
12612,0
12616,0
12619,0
12620,0
12623,0
12627,0
12629,0
12632,0
12638,0
12640,0
12643,0
12645,0
12647,0
12654,0
12659,0
12660,0
12663,0
12665,0
12666,0
12668,0
12681,0
12686,0
12687,0
12692,0
12694,0
12695,0
12699,0
12700,0
12701,0
12704,0
12706,0
12710,0
12712,0
12717,0
12719,0
12730,0
12740,0
12745,0
12747,0
12749,0
12750,0
12752,0
12766,0
12770,0
12778,0
12779,0
12780,0
12781,0
12789,0
12792,0
12793,0
12797,0
12798,0
12801,0
12803,0
12805,0
12806,0
12808,0
12809,0
12810,0
12815,0
12819,0
12821,0
12823,0
12830,0
12831,0
12833,0
12834,0
12838,0
12840,0
12842,0
12846,0
12852,0
12855,0
12859,0
12864,0
12867,0
12870,0
12871,0
12874,0
12879,0
12880,0
12881,0
12894,0
12895,0
12896,0
12900,0
12902,0
12907,0
12908,0
12913,0
12914,0
12926,0
12935,0
12936,0
12941,0
12950,0
12952,0
12953,0
12954,0
12956,0
12959,0
12965,0
12969,0
12972,0
12976,0
12977,0
12983,0
12986,0
12996,0
12997,0
13014,0
13015,0
13019,0
13021,0
13024,0
13028,0
13040,0
13041,0
13042,0
13045,0
13058,0
13063,0
13066,0
13069,0
13070,0
13071,0
13075,0
13080,0
13083,0
13088,0
13089,0
13093,0
13097,0
13101,0
13102,0
13104,0
13106,0
13110,0
13111,0
13125,0
13126,0
13129,0
13144,0
13148,0
13151,0
13153,0
13162,0
13166,0
13176,0
13180,0
13182,0
13197,0
13198,0
13202,0
13205,0
13209,0
13213,0
13222,0
13223,0
13228,0
13229,0
13234,0
13238,0
13244,0
13249,0
13253,0
13255,0
13262,0
13266,0
13267,0
13268,0
13272,0
13274,0
13278,0
13286,0
13289,0
13294,0
13295,0
13298,0
13300,0
13301,0
13302,0
13311,0
13319,0
13324,0
13328,0
13332,0
13335,0
13338,0
13350,0
13352,0
13357,0
13358,0
13359,0
13360,0
13363,0
13364,0
13368,0
13372,0
13375,0
13377,0
13379,0
13380,0
13383,0
13389,0
13390,0
13393,0
13397,0
13400,0
13401,0
13402,0
13405,0
13406,0
13407,0
13408,0
13429,0
13431,0
13437,0
13452,0
13454,0
13463,0
13478,0
13479,0
13500,0
13511,0
13523,0
13525,0
13527,0
13529,0
13536,0
13539,0
13540,0
13541,0
13549,0
13552,0
13554,0
13556,0
13564,0
13568,0
13570,0
13571,0
13576,0
13586,0
13591,0
13599,0
13602,0
13610,0
13615,0
13621,0
13625,0
13632,0
13637,0
13643,0
13645,0
13646,0
13658,0
13670,0
13672,0
13678,0
13687,0
13698,0
13702,0
13704,0
13706,0
13720,0
13726,0
13729,0
13743,0
13746,0
13747,0
13749,0
13751,0
13753,0
13754,0
13757,0
13760,0
13762,0
13766,0
13776,0
13783,0
13785,0
13786,0
13787,0
13798,0
13816,0
13817,0
13819,0
13827,0
13831,0
13833,0
13834,0
13839,0
13841,0
13847,0
13860,0
13866,0
13871,0
13873,0
13874,0
13878,0
13879,0
13882,0
13883,0
13886,0
13889,0
13891,0
13892,0
13894,0
13896,0
13902,0
13904,0
13906,0
13909,0
13910,0
13913,0
13914,0
13922,0
13924,0
13928,0
13931,0
13934,0
13941,0
13943,0
13945,0
13946,0
13947,0
13972,0
13976,0
13987,0
13988,0
13997,0
13998,0
14004,0
14011,0
14013,0
14016,0
14023,0
14025,0
14028,0
14032,0
14038,0
14043,0
14045,0
14047,0
14053,0
14058,0
14065,0
14068,0
14079,0
14082,0
14083,0
14089,0
14093,0
14095,0
14100,0
14101,0
14102,0
14112,0
14115,0
14116,0
14120,0
14124,0
14132,0
14137,0
14138,0
14139,0
14147,0
14149,0
14152,0
14156,0
14170,0
14172,0
14175,0
14176,0
14178,0
14185,0
14191,0
14192,0
14195,0
14208,0
14216,0
14218,0
14227,0
14228,0
14233,0
14234,0
14237,0
14238,0
14240,0
14244,0
14247,0
14249,0
14256,0
14266,0
14268,0
14270,0
14274,0
14279,0
14281,0
14283,0
14285,0
14289,0
14290,0
14293,0
14294,0
14307,0
14310,0
14320,0
14324,0
14329,0
14347,0
14349,0
14359,0
14361,0
14362,0
14363,0
14366,0
14374,0
14375,0
14377,0
14379,0
14380,0
14391,0
14392,0
14406,0
14409,0
14410,0
14421,0
14424,0
14425,0
14426,0
14428,0
14429,0
14434,0
14439,0
14440,0
14442,0
14446,0
14448,0
14460,0
14467,0
14470,0
14471,0
14473,0
14474,0
14479,0
14488,0
14491,0
14496,0
14500,0
14501,0
14503,0
14510,0
14512,0
14515,0
14517,0
14518,0
14520,0
14524,0
14529,0
14534,0
14536,0
14537,0
14541,0
14542,0
14548,0
14565,0
14572,0
14574,0
14580,0
14582,0
14593,0
14600,0
14601,0
14606,0
14607,0
14608,0
14612,0
14613,0
14616,0
14626,0
14629,0
14634,0
14636,0
14639,0
14641,0
14646,0
14648,0
14650,0
14651,0
14657,0
14661,0
14663,0
14664,0
14668,0
14671,0
14673,0
14675,0
14676,0
14682,0
14683,0
14684,0
14689,0
14693,0
14694,0
14696,0
14698,0
14706,0
14715,0
14716,0
14720,0
14722,0
14735,0
14737,0
14745,0
14746,0
14748,0
14751,0
14753,0
14760,0
14769,0
14779,0
14780,0
14783,0
14787,0
14789,0
14790,0
14794,0
14798,0
14802,0
14808,0
14814,0
14817,0
14819,0
14828,0
14829,0
14834,0
14842,0
14846,0
14847,0
14850,0
14853,0
14863,0
14879,0
14883,0
14890,0
14894,0
14900,0
14909,0
14910,0
14911,0
14918,0
14933,0
14942,0
14944,0
14945,0
14947,0
14950,0
14952,0
14953,0
14955,0
14963,0
14964,0
14967,0
14968,0
14969,0
14970,0
14973,0
14979,0
14989,0
14995,0
14999,0
15000,0
15008,0
15011,0
15015,0
15019,0
15020,0
15023,0
15024,0
15027,0
15030,0
15031,0
15034,0
15036,0
15044,0
15050,0
15052,0
15062,0
15065,0
15066,0
15071,0
15072,0
15078,0
15080,0
15081,0
15087,0
15088,0
15089,0
15091,0
15092,0
15094,0
15097,0
15106,0
15112,0
15116,0
15120,0
15121,0
15124,0
15128,0
15137,0
15140,0
15142,0
15144,0
15146,0
15154,0
15163,0
15164,0
15194,0
15199,0
15202,0
15204,0
15209,0
15224,0
15226,0
15229,0
15232,0
15238,0
15239,0
15240,0
15241,0
15249,0
15256,0
15265,0
15268,0
15271,0
15280,0
15281,0
15282,0
15283,0
15284,0
15288,0
15292,0
15297,0
15306,0
15310,0
15314,0
15316,0
15317,0
15319,0
15320,0
15322,0
15325,0
15331,0
15332,0
15337,0
15339,0
15343,0
15347,0
15351,0
15354,0
15358,0
15359,0
15360,0
15362,0
15364,0
15372,0
15375,0
15376,0
15380,0
15384,0
15390,0
15396,0
15403,0
15407,0
15409,0
15411,0
15412,0
15413,0
15414,0
15424,0
15427,0
15431,0
15436,0
15453,0
15454,0
15458,0
15464,0
15466,0
15468,0
15470,0
15473,0
15474,0
15478,0
15489,0
15493,0
15496,0
15499,0
15506,0
15513,0
15517,0
15518,0
15522,0
15523,0
15532,0
15533,0
15534,0
15535,0
15537,0
15547,0
15549,0
15555,0
15564,0
15572,0
15573,0
15575,0
15584,0
15589,0
15590,0
15595,0
15600,0
15601,0
15605,0
15607,0
15616,0
15622,0
15624,0
15627,0
15631,0
15635,0
15638,0
15642,0
15643,0
15644,0
15652,0
15659,0
15665,0
15671,0
15673,0
15674,0
15675,0
15678,0
15679,0
15684,0
15686,0
15692,0
15693,0
15694,0
15701,0
15704,0
15705,0
15706,0
15709,0
15710,0
15711,0
15712,0
15715,0
15718,0
15720,0
15721,0
15731,0
15732,0
15735,0
15738,0
15753,0
15755,0
15758,0
15759,0
15761,0
15765,0
15766,0
15773,0
15786,0
15787,0
15790,0
15792,0
15793,0
15795,0
15797,0
15807,0
15813,0
15817,0
15821,0
15829,0
15833,0
15841,0
15845,0
15855,0
15856,0
15859,0
15860,0
15865,0
15868,0
15874,0
15880,0
15881,0
15882,0
15884,0
15887,0
15889,0
15894,0
15897,0
15902,0
15908,0
15912,0
15913,0
15915,0
15917,0
15918,0
15928,0
15932,0
15933,0
15937,0
15941,0
15944,0
15945,0
15946,0
15948,0
15950,0
15951,0
15952,0
15965,0
15973,0
15974,0
15975,0
15976,0
15983,0
15985,0
15988,0
15999,0
16001,0
16012,0
16016,0
16020,0
16024,0
16028,0
16030,0
16031,0
16035,0
16039,0
16042,0
16046,0
16048,0
16050,0
16058,0
16059,0
16060,0
16062,0
16063,0
16067,0
16071,0
16072,0
16077,0
16080,0
16084,0
16086,0
16090,0
16092,0
16101,0
16102,0
16104,0
16108,0
16118,0
16119,0
16123,0
16125,0
16137,0
16140,0
16145,0
16156,0
16158,0
16159,0
16162,0
16164,0
16166,0
16175,0
16176,0
16177,0
16182,0
16195,0
16196,0
16200,0
16201,0
16206,0
16210,0
16212,0
16218,0
16219,0
16221,0
16228,0
16233,0
16239,0
16240,0
16248,0
16257,0
16259,0
16260,0
16267,0
16268,0
16270,0
16272,0
16274,0
16280,0
16286,0
16291,0
16294,0
16296,0
16300,0
16301,0
16303,0
16306,0
16308,0
16309,0
16311,0
16316,0
16323,0
16331,0
16335,0
16340,0
16352,0
16353,0
16357,0
16358,0
16361,0
16362,0
16365,0
16376,0
16379,0
16396,0
16397,0
16400,0
16410,0
16412,0
16427,0
16429,0
16430,0
16431,0
16432,0
16433,0
16434,0
16437,0
16438,0
16442,0
16448,0
16450,0
16451,0
16452,0
16453,0
16455,0
16457,0
16463,0
16464,0
16466,0
16467,0
16469,0
16472,0
16481,0
16487,0
16491,0
16504,0
16508,0
16515,0
16518,0
16519,0
16521,0
16523,0
16524,0
16528,0
16531,0
16540,0
16541,0
16547,0
16549,0
16551,0
16553,0
16555,0
16562,0
16564,0
16569,0
16570,0
16573,0
16575,0
16578,0
16579,0
16584,0
16586,0
16587,0
16590,0
16592,0
16598,0
16607,0
16608,0
16610,0
16613,0
16615,0
16617,0
16621,0
16622,0
16626,0
16629,0
16631,0
16636,0
16638,0
16643,0
16645,0
16647,0
16651,0
16652,0
16656,0
16658,0
16662,0
16666,0
16673,0
16675,0
16678,0
16679,0
16688,0
16689,0
16697,0
16711,0
16718,0
16722,0
16723,0
16726,0
16737,0
16754,0
16756,0
16758,0
16769,0
16776,0
16791,0
16799,0
16803,0
16804,0
16805,0
16808,0
16809,0
16813,0
16815,0
16816,0
16818,0
16829,0
16834,0
16835,0
16837,0
16841,0
16843,0
16848,0
16849,0
16851,0
16862,0
16864,0
16873,0
16876,0
16882,0
16884,0
16891,0
16892,0
16895,0
16896,0
16902,0
16903,0
16905,0
16908,0
16916,0
16922,0
16925,0
16942,0
16943,0
16944,0
16947,0
16950,0
16951,0
16957,0
16958,0
16960,0
16961,0
16966,0
16967,0
16968,0
16969,0
16973,0
16975,0
16978,0
16984,0
16986,0
16989,0
16991,0
17000,0
17001,0
17004,0
17006,0
17008,0
17010,0
17017,0
17020,0
17021,0
17022,0
17023,0
17027,0
17032,0
17034,0
17038,0
17044,0
17045,0
17046,0
17048,0
17052,0
17054,0
17056,0
17066,0
17072,0
17074,0
17080,0
17082,0
17088,0
17094,0
17096,0
17110,0
17113,0
17115,0
17122,0
17125,0
17135,0
17143,0
17144,0
17148,0
17149,0
17150,0
17152,0
17154,0
17163,0
17164,0
17169,0
17189,0
17192,0
17194,0
17196,0
17202,0
17203,0
17214,0
17215,0
17218,0
17223,0
17225,0
17235,0
17241,0
17245,0
17250,0
17252,0
17258,0
17261,0
17262,0
17265,0
17266,0
17267,0
17270,0
17275,0
17282,0
17285,0
17298,0
17303,0
17311,0
17331,0
17336,0
17339,0
17348,0
17350,0
17356,0
17359,0
17360,0
17361,0
17363,0
17366,0
17370,0
17373,0
17378,0
17390,0
17393,0
17395,0
17396,0
17401,0
17405,0
17407,0
17412,0
17422,0
17431,0
17438,0
17439,0
17448,0
17449,0
17450,0
17452,0
17464,0
17467,0
17469,0
17471,0
17473,0
17477,0
17483,0
17489,0
17492,0
17493,0
17495,0
17500,0
17503,0
17505,0
17507,0
17510,0
17512,0
17525,0
17532,0
17538,0
17544,0
17551,0
17560,0
17561,0
17572,0
17574,0
17575,0
17577,0
17579,0
17580,0
17594,0
17597,0
17602,0
17603,0
17606,0
17612,0
17613,0
17623,0
17627,0
17628,0
17631,0
17637,0
17638,0
17652,0
17658,0
17659,0
17661,0
17662,0
17668,0
17673,0
17677,0
17679,0
17681,0
17682,0
17687,0
17688,0
17691,0
17693,0
17695,0
17698,0
17700,0
17708,0
17711,0
17714,0
17719,0
17730,0
17731,0
17734,0
17738,0
17739,0
17740,0
17745,0
17747,0
17752,0
17755,0
17757,0
17762,0
17770,0
17772,0
17777,0
17780,0
17782,0
17786,0
17788,0
17795,0
17807,0
17810,0
17813,0
17816,0
17817,0
17818,0
17820,0
17821,0
17828,0
17829,0
17832,0
17833,0
17838,0
17842,0
17854,0
17859,0
17866,0
17868,0
17869,0
17870,0
17871,0
17875,0
17876,0
17884,0
17885,0
17887,0
17888,0
17893,0
17894,0
17896,0
17898,0
17911,0
17918,0
17926,0
17934,0
17936,0
17940,0
17941,0
17944,0
17952,0
17960,0
17962,0
17970,0
17971,0
17974,0
17975,0
17976,0
17979,0
17991,0
17994,0
17998,0
18001,0
18002,0
18004,0
18006,0
18010,0
18017,0
18019,0
18022,0
18024,0
18030,0
18034,0
18038,0
18041,0
18043,0
18044,0
18053,0
18056,0
18057,0
18064,0
18072,0
18088,0
18092,0
18095,0
18100,0
18105,0
18106,0
18111,0
18114,0
18122,0
18124,0
18125,0
18128,0
18131,0
18155,0
18160,0
18161,0
18162,0
18166,0
18169,0
18179,0
18182,0
18191,0
18193,0
18194,0
18199,0
18202,0
18203,0
18207,0
18208,0
18214,0
18222,0
18225,0
18233,0
18239,0
18240,0
18247,0
18250,0
18251,0
18255,0
18257,0
18266,0
18267,0
18272,0
18284,0
18289,0
18298,0
18304,0
18306,0
18314,0
18316,0
18321,0
18331,0
18336,0
18339,0
18346,0
18348,0
18355,0
18359,0
18360,0
18364,0
18376,0
18378,0
18380,0
18385,0
18387,0
18390,0
18403,0
18404,0
18406,0
18407,0
18409,0
18417,0
18419,0
18420,0
18424,0
18427,0
18429,0
18432,0
18435,0
18440,0
18442,0
18443,0
18446,0
18453,0
18455,0
18460,0
18462,0
18463,0
18468,0
18478,0
18480,0
18481,0
18482,0
18489,0
18490,0
18496,0
18498,0
18511,0
18513,0
18514,0
18516,0
18518,0
18519,0
18522,0
18525,0
18527,0
18538,0
18540,0
18546,0
18548,0
18555,0
18559,0
18563,0
18576,0
18579,0
18591,0
18594,0
18605,0
18607,0
18608,0
18610,0
18618,0
18625,0
18627,0
18630,0
18633,0
18637,0
18643,0
18654,0
18658,0
18660,0
18671,0
18672,0
18674,0
18675,0
18683,0
18685,0
18689,0
18694,0
18695,0
18696,0
18698,0
18701,0
18705,0
18708,0
18715,0
18721,0
18731,0
18734,0
18735,0
18738,0
18743,0
18745,0
18746,0
18748,0
18755,0
18757,0
18764,0
18769,0
18770,0
18784,0
18792,0
18794,0
18795,0
18797,0
18813,0
18822,0
18827,0
18828,0
18832,0
18835,0
18836,0
18837,0
18840,0
18842,0
18843,0
18846,0
18848,0
18853,0
18855,0
18856,0
18858,0
18864,0
18866,0
18868,0
18872,0
18877,0
18878,0
18880,0
18881,0
18884,0
18886,0
18887,0
18888,0
18890,0
18891,0
18893,0
18899,0
18901,0
18905,0
18906,0
18909,0
18918,0
18919,0
18934,0
18944,0
18948,0
18951,0
18955,0
18957,0
18959,0
18961,0
18963,0
18964,0
18969,0
18979,0
18982,0
18987,0
18988,0
18989,0
18993,0
18997,0
18999,0
19015,0
19018,0
19026,0
19027,0
19029,0
19030,0
19031,0
19041,0
19044,0
19046,0
19047,0
19050,0
19051,0
19055,0
19060,0
19061,0
19080,0
19086,0
19091,0
19095,0
19097,0
19099,0
19100,0
19101,0
19105,0
19107,0
19108,0
19112,0
19117,0
19120,0
19127,0
19130,0
19143,0
19145,0
19153,0
19154,0
19160,0
19168,0
19170,0
19173,0
19175,0
19176,0
19182,0
19189,0
19192,0
19195,0
19196,0
19202,0
19203,0
19208,0
19210,0
19211,0
19219,0
19221,0
19224,0
19226,0
19230,0
19237,0
19238,0
19245,0
19248,0
19250,0
19252,0
19262,0
19263,0
19264,0
19265,0
19269,0
19277,0
19291,0
19292,0
19297,0
19302,0
19303,0
19306,0
19308,0
19312,0
19313,0
19315,0
19316,0
19318,0
19319,0
19326,0
19332,0
19335,0
19337,0
19341,0
19342,0
19351,0
19352,0
19354,0
19358,0
19363,0
19368,0
19369,0
19373,0
19384,0
19395,0
19401,0
19402,0
19403,0
19409,0
19411,0
19416,0
19420,0
19423,0
19426,0
19429,0
19444,0
19445,0
19449,0
19460,0
19462,0
19463,0
19466,0
19473,0
19475,0
19476,0
19477,0
19478,0
19479,0
19487,0
19495,0
19507,0
19513,0
19520,0
19521,0
19523,0
19528,0
19530,0
19534,0
19537,0
19539,0
19541,0
19542,0
19545,0
19556,0
19560,0
19561,0
19562,0
19571,0
19573,0
19574,0
19584,0
19588,0
19589,0
19593,0
19594,0
19598,0
19601,0
19606,0
19609,0
19612,0
19613,0
19615,0
19616,0
19619,0
19631,0
19632,0
19633,0
19634,0
19638,0
19640,0
19646,0
19648,0
19650,0
19652,0
19658,0
19663,0
19668,0
19670,0
19676,0
19683,0
19689,0
19690,0
19691,0
19695,0
19701,0
19703,0
19713,0
19714,0
19720,0
19722,0
19727,0
19728,0
19735,0
19745,0
19746,0
19752,0
19762,0
19768,0
19773,0
19782,0
19785,0
19788,0
19790,0
19792,0
19797,0
19801,0
19802,0
19808,0
19809,0
19814,0
19815,0
19819,0
19826,0
19832,0
19838,0
19847,0
19861,0
19869,0
19873,0
19878,0
19881,0
19882,0
19884,0
19886,0
19891,0
19900,0
19901,0
19903,0
19917,0
19932,0
19934,0
19940,0
19947,0
19953,0
19965,0
19973,0
19979,0
19981,0
19982,0
19983,0
19984,0
19987,0
19997,0
20002,0
20005,0
20006,0
20009,0
20024,0
20028,0
20031,0
20034,0
20036,0
20049,0
20050,0
20051,0
20058,0
20062,0
20063,0
20076,0
20084,0
20085,0
20087,0
20092,0
20093,0
20094,0
20099,0
20106,0
20107,0
20108,0
20111,0
20113,0
20116,0
20124,0
20137,0
20138,0
20142,0
20149,0
20150,0
20152,0
20154,0
20159,0
20164,0
20165,0
20166,0
20167,0
20168,0
20173,0
20184,0
20189,0
20190,0
20191,0
20195,0
20203,0
20205,0
20209,0
20210,0
20214,0
20215,0
20217,0
20218,0
20224,0
20231,0
20233,0
20236,0
20237,0
20240,0
20246,0
20248,0
20255,0
20256,0
20258,0
20259,0
20261,0
20272,0
20275,0
20278,0
20281,0
20284,0
20287,0
20294,0
20297,0
20298,0
20303,0
20305,0
20308,0
20309,0
20313,0
20318,0
20327,0
20331,0
20334,0
20336,0
20339,0
20341,0
20342,0
20343,0
20345,0
20347,0
20349,0
20351,0
20354,0
20358,0
20364,0
20367,0
20369,0
20373,0
20378,0
20381,0
20390,0
20394,0
20395,0
20403,0
20409,0
20412,0
20415,0
20418,0
20423,0
20426,0
20430,0
20441,0
20443,0
20446,0
20456,0
20457,0
20464,0
20466,0
20468,0
20471,0
20472,0
20474,0
20482,0
20486,0
20489,0
20490,0
20494,0
20506,0
20511,0
20519,0
20520,0
20527,0
20528,0
20538,0
20539,0
20544,0
20550,0
20551,0
20552,0
20558,0
20568,0
20575,0
20577,0
20578,0
20581,0
20585,0
20586,0
20587,0
20592,0
20594,0
20597,0
20602,0
20603,0
20610,0
20613,0
20615,0
20617,0
20618,0
20623,0
20629,0
20630,0
20633,0
20636,0
20640,0
20646,0
20650,0
20651,0
20654,0
20656,0
20658,0
20661,0
20663,0
20667,0
20669,0
20670,0
20677,0
20682,0
20684,0
20686,0
20687,0
20694,0
20704,0
20708,0
20711,0
20713,0
20719,0
20725,0
20729,0
20732,0
20733,0
20738,0
20743,0
20744,0
20748,0
20750,0
20753,0
20771,0
20773,0
20777,0
20781,0
20783,0
20787,0
20796,0
20797,0
20798,0
20799,0
20800,0
20808,0
20810,0
20812,0
20822,0
20827,0
20830,0
20832,0
20836,0
20848,0
20862,0
20864,0
20865,0
20868,0
20869,0
20871,0
20875,0
20881,0
20888,0
20889,0
20893,0
20900,0
20901,0
20902,0
20912,0
20918,0
20919,0
20921,0
20923,0
20925,0
20929,0
20933,0
20936,0
20940,0
20946,0
20954,0
20960,0
20964,0
20967,0
20971,0
20973,0
20982,0
20991,0
20993,0
21000,0
21005,0
21006,0
21008,0
21011,0
21015,0
21016,0
21017,0
21021,0
21022,0
21023,0
21024,0
21025,0
21029,0
21030,0
21031,0
21037,0
21040,0
21044,0
21047,0
21048,0
21049,0
21051,0
21053,0
21062,0
21067,0
21069,0
21076,0
21080,0
21096,0
21097,0
21101,0
21109,0
21112,0
21116,0
21117,0
21118,0
21119,0
21122,0
21126,0
21129,0
21130,0
21139,0
21145,0
21150,0
21152,0
21164,0
21170,0
21191,0
21192,0
21202,0
21205,0
21211,0
21212,0
21217,0
21218,0
21221,0
21222,0
21223,0
21233,0
21235,0
21238,0
21241,0
21252,0
21254,0
21257,0
21260,0
21268,0
21271,0
21275,0
21279,0
21280,0
21283,0
21290,0
21291,0
21292,0
21297,0
21299,0
21300,0
21306,0
21308,0
21314,0
21316,0
21319,0
21325,0
21328,0
21333,0
21347,0
21349,0
21351,0
21354,0
21357,0
21361,0
21362,0
21368,0
21374,0
21375,0
21377,0
21378,0
21379,0
21380,0
21381,0
21390,0
21395,0
21399,0
21400,0
21411,0
21413,0
21418,0
21426,0
21429,0
21438,0
21439,0
21444,0
21445,0
21451,0
21457,0
21461,0
21462,0
21465,0
21466,0
21472,0
21478,0
21483,0
21484,0
21485,0
21486,0
21487,0
21492,0
21494,0
21498,0
21501,0
21502,0
21513,0
21516,0
21519,0
21520,0
21521,0
21530,0
21531,0
21536,0
21537,0
21549,0
21554,0
21555,0
21557,0
21559,0
21566,0
21568,0
21573,0
21587,0
21588,0
21589,0
21590,0
21595,0
21617,0
21619,0
21620,0
21625,0
21629,0
21638,0
21640,0
21642,0
21643,0
21656,0
21657,0
21667,0
21673,0
21677,0
21678,0
21679,0
21680,0
21681,0
21682,0
21684,0
21688,0
21690,0
21706,0
21711,0
21715,0
21718,0
21728,0
21729,0
21730,0
21733,0
21735,0
21738,0
21742,0
21748,0
21750,0
21757,0
21759,0
21764,0
21767,0
21778,0
21789,0
21797,0
21799,0
21803,0
21809,0
21810,0
21811,0
21812,0
21813,0
21814,0
21815,0
21819,0
21826,0
21828,0
21829,0
21833,0
21838,0
21841,0
21845,0
21847,0
21850,0
21853,0
21859,0
21860,0
21862,0
21864,0
21870,0
21871,0
21874,0
21876,0
21877,0
21880,0
21884,0
21886,0
21890,0
21891,0
21892,0
21898,0
21904,0
21905,0
21906,0
21913,0
21916,0
21922,0
21923,0
21930,0
21931,0
21934,0
21938,0
21939,0
21949,0
21961,0
21966,0
21970,0
21976,0
21978,0
21982,0
21985,0
21992,0
21994,0
21995,0
22001,0
22006,0
22008,0
22009,0
22011,0
22015,0
22021,0
22023,0
22028,0
22029,0
22034,0
22038,0
22043,0
22053,0
22054,0
22063,0
22065,0
22066,0
22067,0
22070,0
22072,0
22075,0
22077,0
22080,0
22081,0
22084,0
22087,0
22088,0
22089,0
22091,0
22092,0
22095,0
22097,0
22099,0
22102,0
22103,0
22106,0
22108,0
22113,0
22116,0
22123,0
22124,0
22126,0
22127,0
22136,0
22137,0
22141,0
22142,0
22143,0
22148,0
22150,0
22155,0
22160,0
22161,0
22163,0
22164,0
22170,0
22171,0
22174,0
22177,0
22178,0
22185,0
22192,0
22193,0
22195,0
22199,0
22201,0
22203,0
22211,0
22218,0
22220,0
22221,0
22226,0
22231,0
22234,0
22238,0
22239,0
22250,0
22251,0
22253,0
22258,0
22262,0
22263,0
22268,0
22269,0
22275,0
22280,0
22282,0
22285,0
22297,0
22315,0
22317,0
22318,0
22320,0
22322,0
22340,0
22343,0
22352,0
22353,0
22359,0
22361,0
22369,0
22370,0
22372,0
22375,0
22379,0
22380,0
22384,0
22393,0
22394,0
22396,0
22402,0
22404,0
22406,0
22408,0
22409,0
22415,0
22420,0
22425,0
22427,0
22428,0
22430,0
22433,0
22437,0
22445,0
22451,0
22453,0
22458,0
22464,0
22477,0
22479,0
22480,0
22481,0
22491,0
22495,0
22497,0
22500,0
22502,0
22505,0
22507,0
22509,0
22510,0
22511,0
22514,0
22519,0
22521,0
22524,0
22525,0
22526,0
22530,0
22533,0
22536,0
22539,0
22541,0
22544,0
22548,0
22549,0
22554,0
22558,0
22567,0
22571,0
22573,0
22574,0
22579,0
22583,0
22585,0
22586,0
22587,0
22588,0
22589,0
22594,0
22597,0
22600,0
22602,0
22603,0
22606,0
22610,0
22612,0
22615,0
22619,0
22620,0
22622,0
22628,0
22631,0
22632,0
22636,0
22637,0
22652,0
22656,0
22657,0
22658,0
22659,0
22660,0
22661,0
22663,0
22665,0
22675,0
22676,0
22678,0
22686,0
22688,0
22689,0
22698,0
22703,0
22708,0
22719,0
22720,0
22728,0
22731,0
22732,0
22738,0
22747,0
22749,0
22754,0
22757,0
22758,0
22759,0
22763,0
22765,0
22769,0
22775,0
22781,0
22787,0
22788,0
22797,0
22799,0
22803,0
22806,0
22809,0
22814,0
22815,0
22826,0
22828,0
22833,0
22839,0
22840,0
22851,0
22855,0
22858,0
22861,0
22868,0
22869,0
22870,0
22875,0
22879,0
22881,0
22882,0
22886,0
22887,0
22889,0
22893,0
22895,0
22899,0
22901,0
22903,0
22910,0
22911,0
22915,0
22916,0
22918,0
22921,0
22923,0
22926,0
22935,0
22940,0
22942,0
22943,0
22944,0
22950,0
22959,0
22963,0
22964,0
22965,0
22969,0
22979,0
22983,0
22984,0
22989,0
22992,0
22995,0
22997,0
22999,0
23003,0
23004,0
23007,0
23011,0
23019,0
23020,0
23025,0
23026,0
23029,0
23032,0
23033,0
23035,0
23041,0
23042,0
23044,0
23045,0
23046,0
23049,0
23051,0
23052,0
23055,0
23059,0
23060,0
23069,0
23070,0
23085,0
23086,0
23090,0
23100,0
23107,0
23119,0
23120,0
23125,0
23127,0
23136,0
23141,0
23142,0
23145,0
23151,0
23152,0
23154,0
23157,0
23161,0
23168,0
23170,0
23171,0
23172,0
23173,0
23175,0
23187,0
23190,0
23194,0
23199,0
23205,0
23206,0
23209,0
23218,0
23229,0
23233,0
23236,0
23237,0
23238,0
23240,0
23241,0
23247,0
23271,0
23279,0
23280,0
23281,0
23286,0
23298,0
23303,0
23307,0
23309,0
23311,0
23312,0
23314,0
23318,0
23320,0
23329,0
23334,0
23335,0
23337,0
23340,0
23342,0
23343,0
23345,0
23349,0
23357,0
23365,0
23368,0
23370,0
23372,0
23378,0
23380,0
23382,0
23384,0
23389,0
23392,0
23393,0
23394,0
23395,0
23399,0
23400,0
23401,0
23408,0
23421,0
23435,0
23438,0
23445,0
23448,0
23449,0
23456,0
23457,0
23465,0
23468,0
23469,0
23470,0
23472,0
23475,0
23479,0
23483,0
23484,0
23489,0
23490,0
23491,0
23492,0
23495,0
23496,0
23499,0
23505,0
23510,0
23519,0
23520,0
23529,0
23535,0
23540,0
23552,0
23555,0
23557,0
23559,0
23564,0
23565,0
23568,0
23571,0
23572,0
23574,0
23576,0
23584,0
23586,0
23588,0
23590,0
23591,0
23592,0
23599,0
23601,0
23606,0
23613,0
23621,0
23622,0
23626,0
23632,0
23644,0
23646,0
23655,0
23661,0
23662,0
23663,0
23665,0
23670,0
23673,0
23674,0
23681,0
23689,0
23690,0
23692,0
23698,0
23705,0
23706,0
23720,0
23723,0
23736,0
23738,0
23741,0
23742,0
23743,0
23748,0
23755,0
23758,0
23776,0
23781,0
23782,0
23783,0
23786,0
23790,0
23796,0
23797,0
23803,0
23814,0
23817,0
23821,0
23824,0
23829,0
23832,0
23834,0
23840,0
23842,0
23845,0
23850,0
23855,0
23857,0
23860,0
23861,0
23862,0
23867,0
23868,0
23869,0
23870,0
23878,0
23883,0
23888,0
23889,0
23895,0
23899,0
23900,0
23905,0
23909,0
23911,0
23914,0
23918,0
23922,0
23923,0
23929,0
23936,0
23938,0
23942,0
23945,0
23948,0
23960,0
23963,0
23966,0
23967,0
23970,0
23974,0
23983,0
23986,0
23993,0
23994,0
24000,0
24004,0
24010,0
24022,0
24023,0
24026,0
24029,0
24030,0
24033,0
24034,0
24035,0
24040,0
24041,0
24042,0
24045,0
24047,0
24050,0
24054,0
24056,0
24057,0
24058,0
24063,0
24069,0
24071,0
24073,0
24074,0
24080,0
24086,0
24093,0
24095,0
24108,0
24111,0
24117,0
24118,0
24122,0
24130,0
24133,0
24134,0
24136,0
24138,0
24141,0
24147,0
24148,0
24149,0
24151,0
24155,0
24165,0
24175,0
24187,0
24188,0
24193,0
24201,0
24203,0
24207,0
24216,0
24218,0
24219,0
24221,0
24229,0
24239,0
24245,0
24250,0
24252,0
24253,0
24255,0
24258,0
24259,0
24268,0
24270,0
24274,0
24276,0
24277,0
24282,0
24285,0
24298,0
24303,0
24306,0
24311,0
24314,0
24317,0
24329,0
24332,0
24335,0
24336,0
24340,0
24341,0
24342,0
24344,0
24347,0
24349,0
24362,0
24364,0
24368,0
24370,0
24372,0
24373,0
24377,0
24382,0
24386,0
24390,0
24394,0
24397,0
24399,0
24402,0
24404,0
24412,0
24415,0
24425,0
24426,0
24437,0
24439,0
24444,0
24449,0
24450,0
24453,0
24456,0
24461,0
24462,0
24467,0
24471,0
24472,0
24476,0
24479,0
24483,0
24490,0
24492,0
24494,0
24497,0
24498,0
24501,0
24502,0
24505,0
24512,0
24514,0
24516,0
24518,0
24520,0
24521,0
24526,0
24528,0
24539,0
24542,0
24543,0
24545,0
24546,0
24550,0
24554,0
24559,0
24562,0
24566,0
24577,0
24580,0
24584,0
24590,0
24608,0
24612,0
24615,0
24623,0
24625,0
24627,0
24628,0
24630,0
24634,0
24636,0
24640,0
24647,0
24653,0
24657,0
24658,0
24663,0
24665,0
24669,0
24674,0
24678,0
24680,0
24684,0
24697,0
24698,0
24699,0
24701,0
24703,0
24709,0
24710,0
24716,0
24717,0
24718,0
24730,0
24732,0
24735,0
24736,0
24738,0
24742,0
24745,0
24750,0
24758,0
24760,0
24761,0
24764,0
24778,0
24781,0
24789,0
24790,0
24797,0
24802,0
24803,0
24805,0
24816,0
24823,0
24824,0
24826,0
24838,0
24840,0
24847,0
24852,0
24853,0
24858,0
24862,0
24868,0
24874,0
24877,0
24878,0
24880,0
24882,0
24884,0
24885,0
24891,0
24892,0
24904,0
24905,0
24906,0
24908,0
24912,0
24913,0
24916,0
24917,0
24924,0
24925,0
24928,0
24932,0
24938,0
24949,0
24954,0
24965,0
24967,0
24970,0
24979,0
24985,0
24997,0
24998,0
25001,0
25003,0
25007,0
25012,0
25020,0
25028,0
25033,0
25042,0
25043,0
25044,0
25055,0
25062,0
25064,0
25065,0
25068,0
25072,0
25073,0
25074,0
25075,0
25077,0
25079,0
25082,0
25083,0
25086,0
25087,0
25092,0
25096,0
25098,0
25106,0
25107,0
25109,0
25111,0
25114,0
25121,0
25128,0
25133,0
25134,0
25135,0
25137,0
25138,0
25140,0
25143,0
25156,0
25170,0
25171,0
25175,0
25177,0
25192,0
25201,0
25209,0
25217,0
25219,0
25222,0
25225,0
25228,0
25234,0
25236,0
25238,0
25240,0
25246,0
25247,0
25252,0
25255,0
25257,0
25258,0
25259,0
25262,0
25268,0
25269,0
25271,0
25272,0
25275,0
25277,0
25282,0
25283,0
25289,0
25302,0
25305,0
25310,0
25312,0
25314,0
25318,0
25322,0
25326,0
25333,0
25337,0
25346,0
25347,0
25351,0
25355,0
25359,0
25360,0
25362,0
25363,0
25365,0
25372,0
25374,0
25375,0
25377,0
25383,0
25385,0
25388,0
25392,0
25396,0
25400,0
25402,0
25406,0
25410,0
25412,0
25413,0
25414,0
25415,0
25416,0
25429,0
25438,0
25441,0
25446,0
25455,0
25458,0
25459,0
25461,0
25462,0
25471,0
25473,0
25475,0
25479,0
25485,0
25488,0
25491,0
25504,0
25505,0
25507,0
25512,0
25513,0
25517,0
25521,0
25528,0
25534,0
25536,0
25537,0
25538,0
25539,0
25542,0
25547,0
25553,0
25570,0
25579,0
25581,0
25582,0
25585,0
25586,0
25591,0
25596,0
25598,0
25602,0
25603,0
25604,0
25608,0
25622,0
25623,0
25630,0
25637,0
25638,0
25645,0
25663,0
25668,0
25669,0
25671,0
25681,0
25690,0
25691,0
25697,0
25699,0
25700,0
25704,0
25706,0
25708,0
25709,0
25717,0
25719,0
25723,0
25726,0
25728,0
25729,0
25736,0
25742,0
25749,0
25753,0
25756,0
25760,0
25763,0
25767,0
25768,0
25773,0
25777,0
25781,0
25784,0
25785,0
25791,0
25798,0
25802,0
25804,0
25807,0
25809,0
25815,0
25827,0
25828,0
25835,0
25836,0
25837,0
25846,0
25848,0
25853,0
25854,0
25855,0
25860,0
25861,0
25866,0
25867,0
25873,0
25881,0
25885,0
25890,0
25891,0
25897,0
25901,0
25909,0
25920,0
25928,0
25929,0
25932,0
25938,0
25939,0
25955,0
25957,0
25960,0
25962,0
25963,0
25964,0
25966,0
25969,0
25970,0
25974,0
25975,0
25979,0
25981,0
25985,0
25986,0
25993,0
25995,0
25996,0
26019,0
26021,0
26022,0
26023,0
26040,0
26043,0
26045,0
26053,0
26059,0
26061,0
26062,0
26074,0
26076,0
26080,0
26088,0
26089,0
26090,0
26095,0
26096,0
26102,0
26104,0
26105,0
26111,0
26112,0
26114,0
26117,0
26118,0
26120,0
26121,0
26123,0
26125,0
26128,0
26140,0
26142,0
26147,0
26156,0
26158,0
26161,0
26166,0
26168,0
26171,0
26175,0
26177,0
26178,0
26179,0
26180,0
26186,0
26189,0
26192,0
26203,0
26214,0
26215,0
26217,0
26226,0
26227,0
26229,0
26234,0
26237,0
26238,0
26242,0
26246,0
26248,0
26253,0
26255,0
26261,0
26262,0
26263,0
26276,0
26277,0
26289,0
26291,0
26297,0
26306,0
26307,0
26309,0
26311,0
26314,0
26315,0
26319,0
26320,0
26325,0
26333,0
26337,0
26350,0
26351,0
26352,0
26353,0
26356,0
26358,0
26362,0
26366,0
26369,0
26373,0
26382,0
26384,0
26386,0
26390,0
26396,0
26407,0
26410,0
26412,0
26417,0
26420,0
26421,0
26422,0
26426,0
26428,0
26442,0
26444,0
26448,0
26453,0
26455,0
26457,0
26459,0
26461,0
26463,0
26469,0
26472,0
26474,0
26475,0
26476,0
26482,0
26488,0
26499,0
26505,0
26510,0
26518,0
26522,0
26524,0
26526,0
26528,0
26536,0
26544,0
26546,0
26552,0
26556,0
26561,0
26564,0
26566,0
26573,0
26587,0
26589,0
26591,0
26599,0
26602,0
26606,0
26607,0
26614,0
26622,0
26623,0
26624,0
26625,0
26629,0
26631,0
26638,0
26643,0
26645,0
26647,0
26649,0
26650,0
26654,0
26656,0
26664,0
26665,0
26674,0
26677,0
26691,0
26694,0
26696,0
26697,0
26698,0
26702,0
26705,0
26708,0
26710,0
26719,0
26723,0
26730,0
26739,0
26740,0
26742,0
26743,0
26757,0
26759,0
26760,0
26761,0
26764,0
26765,0
26767,0
26769,0
26772,0
26773,0
26774,0
26776,0
26780,0
26783,0
26785,0
26787,0
26790,0
26792,0
26800,0
26806,0
26808,0
26809,0
26811,0
26817,0
26834,0
26837,0
26843,0
26844,0
26846,0
26851,0
26852,0
26865,0
26869,0
26871,0
26872,0
26873,0
26875,0
26877,0
26879,0
26881,0
26882,0
26883,0
26885,0
26886,0
26888,0
26889,0
26893,0
26895,0
26900,0
26927,0
26928,0
26933,0
26936,0
26938,0
26944,0
26950,0
26952,0
26954,0
26957,0
26963,0
26965,0
26966,0
26967,0
26968,0
26970,0
26974,0
26976,0
26979,0
26983,0
26993,0
26994,0
26995,0
26996,0
26997,0
26999,0
27000,0
27006,0
27007,0
27010,0
27016,0
27021,0
27029,0
27031,0
27034,0
27043,0
27051,0
27052,0
27053,0
27055,0
27064,0
27070,0
27074,0
27075,0
27077,0
27080,0
27081,0
27083,0
27088,0
27097,0
27103,0
27111,0
27113,0
27125,0
27126,0
27130,0
27131,0
27132,0
27133,0
27137,0
27146,0
27150,0
27157,0
27162,0
27164,0
27165,0
27166,0
27169,0
27177,0
27178,0
27180,0
27181,0
27184,0
27185,0
27190,0
27192,0
27196,0
27197,0
27200,0
27204,0
27207,0
27218,0
27225,0
27226,0
27227,0
27228,0
27229,0
27234,0
27241,0
27248,0
27261,0
27262,0
27264,0
27265,0
27267,0
27268,0
27271,0
27288,0
27291,0
27293,0
27294,0
27299,0
27302,0
27309,0
27313,0
27314,0
27316,0
27318,0
27325,0
27328,0
27336,0
27343,0
27344,0
27347,0
27348,0
27350,0
27352,0
27356,0
27358,0
27359,0
27369,0
27370,0
27371,0
27383,0
27388,0
27392,0
27396,0
27405,0
27406,0
27408,0
27411,0
27414,0
27417,0
27418,0
27419,0
27421,0
27423,0
27424,0
27431,0
27434,0
27435,0
27436,0
27437,0
27438,0
27440,0
27442,0
27449,0
27453,0
27459,0
27462,0
27467,0
27470,0
27473,0
27478,0
27480,0
27483,0
27493,0
27500,0
27512,0
27513,0
27514,0
27516,0
27519,0
27520,0
27528,0
27529,0
27532,0
27536,0
27538,0
27539,0
27540,0
27541,0
27542,0
27545,0
27563,0
27566,0
27567,0
27571,0
27579,0
27589,0
27590,0
27593,0
27598,0
27606,0
27608,0
27618,0
27619,0
27622,0
27629,0
27630,0
27633,0
27640,0
27643,0
27649,0
27650,0
27651,0
27654,0
27660,0
27664,0
27668,0
27670,0
27671,0
27672,0
27676,0
27679,0
27688,0
27690,0
27692,0
27702,0
27718,0
27719,0
27724,0
27726,0
27742,0
27750,0
27757,0
27762,0
27763,0
27765,0
27770,0
27772,0
27780,0
27788,0
27794,0
27798,0
27805,0
27811,0
27820,0
27825,0
27826,0
27845,0
27847,0
27848,0
27849,0
27867,0
27869,0
27871,0
27872,0
27873,0
27874,0
27880,0
27882,0
27885,0
27888,0
27890,0
27898,0
27904,0
27916,0
27924,0
27931,0
27936,0
27942,0
27951,0
27952,0
27954,0
27961,0
27962,0
27968,0
27992,0
27995,0
27996,0
28004,0
28006,0
28012,0
28017,0
28019,0
28021,0
28025,0
28026,0
28027,0
28034,0
28041,0
28043,0
28045,0
28050,0
28053,0
28054,0
28061,0
28075,0
28080,0
28084,0
28087,0
28094,0
28099,0
28103,0
28110,0
28112,0
28113,0
28115,0
28119,0
28127,0
28130,0
28133,0
28134,0
28139,0
28142,0
28147,0
28150,0
28151,0
28154,0
28160,0
28162,0
28168,0
28171,0
28172,0
28176,0
28181,0
28184,0
28185,0
28196,0
28197,0
28204,0
28206,0
28207,0
28209,0
28210,0
28215,0
28216,0
28227,0
28229,0
28231,0
28232,0
28233,0
28234,0
28238,0
28249,0
28262,0
28267,0
28274,0
28276,0
28278,0
28279,0
28283,0
28284,0
28286,0
28287,0
28288,0
28299,0
28304,0
28305,0
28310,0
28315,0
28318,0
28325,0
28326,0
28327,0
28328,0
28329,0
28332,0
28335,0
28340,0
28345,0
28346,0
28349,0
28351,0
28353,0
28354,0
28361,0
28365,0
28367,0
28368,0
28372,0
28378,0
28384,0
28385,0
28406,0
28407,0
28411,0
28412,0
28413,0
28415,0
28417,0
28422,0
28423,0
28427,0
28441,0
28443,0
28444,0
28445,0
28450,0
28451,0
28453,0
28458,0
28460,0
28461,0
28464,0
28465,0
28467,0
28472,0
28473,0
28482,0
28490,0
28494,0
28496,0
28502,0
28503,0
28515,0
28519,0
28521,0
28524,0
28531,0
28537,0
28541,0
28551,0
28555,0
28563,0
28564,0
28569,0
28573,0
28579,0
28580,0
28582,0
28583,0
28586,0
28587,0
28589,0
28603,0
28608,0
28610,0
28614,0
28625,0
28635,0
28637,0
28648,0
28652,0
28654,0
28659,0
28661,0
28668,0
28669,0
28676,0
28677,0
28684,0
28693,0
28701,0
28703,0
28711,0
28713,0
28720,0
28721,0
28729,0
28731,0
28737,0
28739,0
28744,0
28751,0
28760,0
28761,0
28764,0
28772,0
28774,0
28777,0
28779,0
28783,0
28788,0
28789,0
28792,0
28801,0
28805,0
28806,0
28810,0
28815,0
28816,0
28819,0
28838,0
28846,0
28851,0
28855,0
28858,0
28861,0
28870,0
28871,0
28874,0
28875,0
28878,0
28879,0
28880,0
28882,0
28883,0
28885,0
28888,0
28891,0
28898,0
28900,0
28901,0
28903,0
28905,0
28906,0
28910,0
28911,0
28914,0
28920,0
28929,0
28930,0
28938,0
28940,0
28941,0
28947,0
28954,0
28963,0
28964,0
28971,0
28974,0
28984,0
28990,0
28992,0
28993,0
28994,0
28997,0
29000,0
29002,0
29003,0
29006,0
29008,0
29009,0
29014,0
29015,0
29017,0
29026,0
29028,0
29032,0
29033,0
29034,0
29036,0
29038,0
29042,0
29045,0
29049,0
29054,0
29056,0
29060,0
29062,0
29067,0
29070,0
29071,0
29073,0
29076,0
29077,0
29080,0
29082,0
29085,0
29086,0
29088,0
29092,0
29094,0
29095,0
29097,0
29106,0
29113,0
29114,0
29119,0
29123,0
29125,0
29130,0
29132,0
29142,0
29147,0
29154,0
29155,0
29158,0
29169,0
29178,0
29185,0
29187,0
29195,0
29200,0
29206,0
29207,0
29208,0
29211,0
29213,0
29214,0
29221,0
29226,0
29227,0
29229,0
29233,0
29234,0
29237,0
29239,0
29240,0
29241,0
29244,0
29252,0
29255,0
29260,0
29264,0
29267,0
29272,0
29275,0
29277,0
29280,0
29283,0
29289,0
29293,0
29297,0
29302,0
29310,0
29311,0
29315,0
29317,0
29321,0
29322,0
29323,0
29324,0
29339,0
29342,0
29348,0
29350,0
29352,0
29360,0
29361,0
29362,0
29365,0
29373,0
29376,0
29377,0
29382,0
29388,0
29389,0
29396,0
29401,0
29403,0
29407,0
29411,0
29414,0
29415,0
29418,0
29423,0
29424,0
29431,0
29432,0
29434,0
29438,0
29442,0
29445,0
29450,0
29460,0
29463,0
29464,0
29477,0
29480,0
29483,0
29486,0
29488,0
29492,0
29494,0
29496,0
29499,0
29501,0
29502,0
29506,0
29511,0
29512,0
29513,0
29514,0
29516,0
29520,0
29523,0
29525,0
29527,0
29528,0
29530,0
29532,0
29537,0
29544,0
29547,0
29548,0
29553,0
29554,0
29555,0
29557,0
29569,0
29570,0
29574,0
29577,0
29578,0
29582,0
29585,0
29591,0
29592,0
29600,0
29604,0
29605,0
29608,0
29612,0
29614,0
29616,0
29618,0
29619,0
29620,0
29623,0
29625,0
29627,0
29631,0
29633,0
29648,0
29649,0
29659,0
29662,0
29667,0
29670,0
29671,0
29676,0
29677,0
29678,0
29680,0
29681,0
29683,0
29685,0
29686,0
29687,0
29691,0
29694,0
29695,0
29696,0
29706,0
29713,0
29716,0
29718,0
29726,0
29727,0
29728,0
29729,0
29731,0
29736,0
29737,0
29743,0
29744,0
29746,0
29752,0
29756,0
29759,0
29773,0
29777,0
29778,0
29784,0
29787,0
29791,0
29792,0
29794,0
29798,0
29800,0
29803,0
29804,0
29808,0
29809,0
29811,0
29814,0
29825,0
29831,0
29835,0
29838,0
29839,0
29846,0
29849,0
29852,0
29854,0
29857,0
29860,0
29862,0
29867,0
29869,0
29872,0
29878,0
29884,0
29885,0
29887,0
29889,0
29891,0
29893,0
29895,0
29903,0
29905,0
29911,0
29915,0
29916,0
29919,0
29922,0
29924,0
29926,0
29931,0
29934,0
29942,0
29950,0
29957,0
29962,0
29963,0
29964,0
29970,0
29975,0
29986,0
29990,0
29993,0
29994,0
29996,0
29999,0
30006,0
30007,0
30009,0
30019,0
30021,0
30027,0
30030,0
30033,0
30035,0
30040,0
30041,0
30043,0
30050,0
30053,0
30055,0
30059,0
30071,0
30072,0
30074,0
30075,0
30084,0
30085,0
30089,0
30094,0
30100,0
30102,0
30103,0
30111,0
30114,0
30123,0
30133,0
30134,0
30136,0
30137,0
30149,0
30151,0
30154,0
30157,0
30162,0
30165,0
30190,0
30198,0
30201,0
30202,0
30203,0
30208,0
30210,0
30213,0
30217,0
30219,0
30222,0
30223,0
30226,0
30230,0
30233,0
30235,0
30243,0
30247,0
30248,0
30251,0
30254,0
30264,0
30267,0
30270,0
30271,0
30273,0
30282,0
30285,0
30287,0
30290,0
30297,0
30311,0
30312,0
30313,0
30323,0
30328,0
30329,0
30331,0
30332,0
30337,0
30346,0
30348,0
30350,0
30359,0
30360,0
30370,0
30376,0
30379,0
30381,0
30382,0
30384,0
30389,0
30394,0
30398,0
30402,0
30404,0
30406,0
30414,0
30418,0
30420,0
30424,0
30426,0
30433,0
30441,0
30442,0
30444,0
30452,0
30455,0
30458,0
30468,0
30479,0
30480,0
30481,0
30488,0
30493,0
30499,0
30500,0
30503,0
30507,0
30509,0
30510,0
30514,0
30515,0
30523,0
30526,0
30527,0
30530,0
30538,0
30540,0
30552,0
30559,0
30561,0
30562,0
30569,0
30582,0
30589,0
30592,0
30596,0
30599,0
30600,0
30605,0
30606,0
30609,0
30611,0
30620,0
30625,0
30626,0
30631,0
30634,0
30643,0
30649,0
30658,0
30663,0
30665,0
30671,0
30677,0
30683,0
30684,0
30691,0
30693,0
30695,0
30696,0
30697,0
30699,0
30704,0
30709,0
30715,0
30716,0
30719,0
30720,0
30726,0
30729,0
30736,0
30739,0
30744,0
30747,0
30750,0
30758,0
30760,0
30764,0
30768,0
30769,0
30774,0
30776,0
30787,0
30789,0
30794,0
30798,0
30803,0
30814,0
30815,0
30819,0
30820,0
30824,0
30825,0
30826,0
30827,0
30829,0
30838,0
30840,0
30843,0
30846,0
30847,0
30850,0
30852,0
30855,0
30859,0
30862,0
30867,0
30874,0
30876,0
30878,0
30881,0
30886,0
30893,0
30897,0
30901,0
30905,0
30914,0
30917,0
30919,0
30929,0
30932,0
30945,0
30951,0
30952,0
30955,0
30958,0
30959,0
30962,0
30963,0
30971,0
30974,0
30978,0
30985,0
30992,0
30995,0
31000,0
31006,0
31010,0
31012,0
31017,0
31018,0
31019,0
31023,0
31027,0
31031,0
31036,0
31043,0
31044,0
31048,0
31051,0
31054,0
31059,0
31061,0
31063,0
31065,0
31074,0
31076,0
31081,0
31086,0
31089,0
31090,0
31091,0
31096,0
31097,0
31098,0
31099,0
31102,0
31115,0
31129,0
31134,0
31141,0
31144,0
31152,0
31153,0
31155,0
31162,0
31167,0
31172,0
31173,0
31177,0
31178,0
31180,0
31181,0
31183,0
31186,0
31189,0
31196,0
31209,0
31212,0
31213,0
31214,0
31219,0
31221,0
31226,0
31227,0
31228,0
31229,0
31234,0
31237,0
31239,0
31240,0
31241,0
31245,0
31249,0
31251,0
31252,0
31255,0
31257,0
31258,0
31261,0
31271,0
31272,0
31273,0
31278,0
31286,0
31287,0
31289,0
31291,0
31308,0
31325,0
31327,0
31330,0
31333,0
31344,0
31350,0
31352,0
31355,0
31356,0
31359,0
31361,0
31363,0
31367,0
31370,0
31374,0
31375,0
31381,0
31389,0
31390,0
31395,0
31396,0
31401,0
31403,0
31419,0
31420,0
31425,0
31430,0
31432,0
31433,0
31436,0
31439,0
31447,0
31450,0
31454,0
31455,0
31456,0
31458,0
31462,0
31468,0
31474,0
31475,0
31482,0
31484,0
31491,0
31492,0
31495,0
31497,0
31499,0
31505,0
31509,0
31510,0
31521,0
31525,0
31532,0
31533,0
31535,0
31537,0
31541,0
31545,0
31547,0
31548,0
31550,0
31552,0
31556,0
31558,0
31559,0
31560,0
31561,0
31563,0
31567,0
31569,0
31570,0
31571,0
31580,0
31583,0
31585,0
31587,0
31591,0
31597,0
31612,0
31615,0
31617,0
31635,0
31637,0
31642,0
31643,0
31648,0
31652,0
31658,0
31659,0
31661,0
31663,0
31674,0
31680,0
31681,0
31684,0
31689,0
31690,0
31694,0
31696,0
31710,0
31715,0
31722,0
31724,0
31735,0
31737,0
31741,0
31748,0
31754,0
31757,0
31758,0
31759,0
31761,0
31762,0
31763,0
31769,0
31773,0
31777,0
31780,0
31782,0
31783,0
31791,0
31804,0
31809,0
31810,0
31811,0
31837,0
31839,0
31843,0
31846,0
31848,0
31849,0
31861,0
31866,0
31876,0
31884,0
31890,0
31891,0
31892,0
31897,0
31899,0
31902,0
31903,0
31904,0
31918,0
31920,0
31928,0
31931,0
31934,0
31935,0
31944,0
31945,0
31950,0
31956,0
31958,0
31959,0
31969,0
31971,0
31977,0
31978,0
31981,0
31993,0
31998,0
32000,0
32001,0
32004,0
32006,0
32009,0
32010,0
32011,0
32013,0
32014,0
32019,0
32022,0
32026,0
32027,0
32030,0
32034,0
32037,0
32040,0
32042,0
32044,0
32050,0
32062,0
32069,0
32072,0
32074,0
32076,0
32082,0
32087,0
32093,0
32097,0
32105,0
32112,0
32113,0
32115,0
32119,0
32120,0
32124,0
32125,0
32130,0
32131,0
32134,0
32137,0
32138,0
32139,0
32144,0
32147,0
32151,0
32153,0
32155,0
32156,0
32160,0
32163,0
32168,0
32174,0
32180,0
32181,0
32183,0
32187,0
32188,0
32192,0
32194,0
32199,0
32202,0
32210,0
32215,0
32218,0
32223,0
32224,0
32227,0
32228,0
32229,0
32236,0
32238,0
32251,0
32252,0
32262,0
32263,0
32273,0
32277,0
32287,0
32291,0
32300,0
32305,0
32308,0
32310,0
32313,0
32314,0
32315,0
32316,0
32318,0
32322,0
32325,0
32331,0
32336,0
32339,0
32342,0
32344,0
32345,0
32350,0
32355,0
32367,0
32376,0
32381,0
32385,0
32388,0
32389,0
32390,0
32392,0
32396,0
32399,0
32408,0
32411,0
32412,0
32413,0
32422,0
32427,0
32429,0
32432,0
32436,0
32437,0
32441,0
32448,0
32455,0
32456,0
32458,0
32465,0
32466,0
32469,0
32470,0
32471,0
32474,0
32484,0
32485,0
32490,0
32491,0
32494,0
32496,0
32497,0
32501,0
32503,0
32505,0
32506,0
32512,0
32513,0
32516,0
32520,0
32521,0
32524,0
32525,0
32526,0
32532,0
32535,0
32536,0
32541,0
32544,0
32546,0
32547,0
32556,0
32565,0
32569,0
32571,0
32574,0
32580,0
32583,0
32587,0
32588,0
32592,0
32595,0
32597,0
32599,0
32602,0
32611,0
32613,0
32614,0
32620,0
32625,0
32626,0
32627,0
32628,0
32629,0
32630,0
32632,0
32634,0
32638,0
32646,0
32648,0
32656,0
32662,0
32664,0
32667,0
32670,0
32675,0
32676,0
32681,0
32694,0
32695,0
32699,0
32704,0
32713,0
32720,0
32724,0
32725,0
32727,0
32731,0
32735,0
32748,0
32751,0
32755,0
32770,0
32771,0
32775,0
32776,0
32778,0
32780,0
32785,0
32789,0
32790,0
32799,0
32810,0
32812,0
32819,0
32822,0
32826,0
32831,0
32842,0
32843,0
32850,0
32853,0
32856,0
32857,0
32859,0
32862,0
32864,0
32869,0
32870,0
32875,0
32881,0
32889,0
32894,0
32896,0
32897,0
32906,0
32908,0
32913,0
32916,0
32918,0
32926,0
32929,0
32932,0
32933,0
32934,0
32935,0
32946,0
32951,0
32952,0
32954,0
32967,0
32968,0
32972,0
32975,0
32977,0
32992,0
33008,0
33014,0
33019,0
33021,0
33024,0
33033,0
33034,0
33035,0
33036,0
33041,0
33045,0
33058,0
33061,0
33063,0
33073,0
33076,0
33080,0
33081,0
33083,0
33086,0
33087,0
33088,0
33091,0
33092,0
33094,0
33101,0
33113,0
33117,0
33122,0
33146,0
33159,0
33161,0
33166,0
33173,0
33174,0
33178,0
33180,0
33183,0
33196,0
33198,0
33206,0
33207,0
33208,0
33212,0
33213,0
33215,0
33216,0
33223,0
33230,0
33236,0
33239,0
33245,0
33248,0
33251,0
33253,0
33258,0
33268,0
33273,0
33277,0
33285,0
33304,0
33309,0
33312,0
33317,0
33323,0
33325,0
33328,0
33330,0
33340,0
33342,0
33345,0
33347,0
33350,0
33353,0
33354,0
33355,0
33358,0
33363,0
33373,0
33377,0
33382,0
33385,0
33389,0
33395,0
33401,0
33402,0
33405,0
33414,0
33420,0
33421,0
33422,0
33426,0
33429,0
33434,0
33438,0
33446,0
33450,0
33451,0
33457,0
33459,0
33461,0
33470,0
33473,0
33478,0
33479,0
33481,0
33494,0
33497,0
33502,0
33510,0
33512,0
33513,0
33515,0
33516,0
33527,0
33536,0
33537,0
33542,0
33543,0
33544,0
33551,0
33552,0
33555,0
33556,0
33557,0
33561,0
33567,0
33568,0
33579,0
33589,0
33590,0
33591,0
33597,0
33601,0
33602,0
33605,0
33609,0
33619,0
33627,0
33628,0
33629,0
33631,0
33634,0
33638,0
33640,0
33655,0
33656,0
33658,0
33663,0
33665,0
33667,0
33668,0
33669,0
33679,0
33685,0
33686,0
33688,0
33692,0
33693,0
33694,0
33696,0
33698,0
33705,0
33715,0
33720,0
33723,0
33725,0
33727,0
33730,0
33733,0
33738,0
33744,0
33748,0
33751,0
33755,0
33758,0
33780,0
33781,0
33791,0
33797,0
33798,0
33802,0
33803,0
33809,0
33827,0
33839,0
33840,0
33842,0
33843,0
33846,0
33855,0
33858,0
33862,0
33863,0
33864,0
33866,0
33871,0
33872,0
33874,0
33881,0
33886,0
33890,0
33892,0
33903,0
33906,0
33911,0
33914,0
33916,0
33919,0
33920,0
33929,0
33939,0
33940,0
33949,0
33953,0
33956,0
33958,0
33966,0
33967,0
33971,0
33972,0
33976,0
33981,0
33985,0
33986,0
33995,0
33996,0
33998,0
34000,0
34006,0
34026,0
34027,0
34033,0
34035,0
34039,0
34047,0
34051,0
34053,0
34054,0
34056,0
34059,0
34060,0
34061,0
34062,0
34064,0
34066,0
34072,0
34080,0
34084,0
34087,0
34088,0
34091,0
34092,0
34102,0
34109,0
34110,0
34112,0
34118,0
34123,0
34125,0
34131,0
34134,0
34139,0
34140,0
34145,0
34146,0
34152,0
34156,0
34157,0
34162,0
34166,0
34171,0
34175,0
34180,0
34182,0
34185,0
34186,0
34187,0
34190,0
34193,0
34197,0
34203,0
34206,0
34209,0
34210,0
34211,0
34225,0
34226,0
34243,0
34245,0
34249,0
34251,0
34252,0
34259,0
34261,0
34264,0
34269,0
34270,0
34271,0
34282,0
34284,0
34288,0
34290,0
34292,0
34296,0
34306,0
34307,0
34313,0
34315,0
34316,0
34326,0
34332,0
34335,0
34336,0
34337,0
34341,0
34344,0
34346,0
34347,0
34348,0
34350,0
34367,0
34369,0
34370,0
34371,0
34373,0
34375,0
34395,0
34396,0
34397,0
34416,0
34420,0
34423,0
34424,0
34425,0
34427,0
34430,0
34439,0
34441,0
34445,0
34446,0
34451,0
34453,0
34456,0
34457,0
34458,0
34462,0
34463,0
34464,0
34467,0
34474,0
34479,0
34486,0
34488,0
34489,0
34495,0
34499,0
34501,0
34507,0
34509,0
34510,0
34513,0
34515,0
34517,0
34520,0
34521,0
34533,0
34541,0
34549,0
34555,0
34556,0
34563,0
34564,0
34571,0
34576,0
34581,0
34584,0
34590,0
34592,0
34593,0
34594,0
34597,0
34602,0
34612,0
34613,0
34618,0
34620,0
34622,0
34623,0
34624,0
34628,0
34635,0
34636,0
34638,0
34642,0
34645,0
34651,0
34656,0
34660,0
34664,0
34667,0
34669,0
34670,0
34671,0
34674,0
34676,0
34677,0
34680,0
34681,0
34682,0
34687,0
34688,0
34697,0
34699,0
34703,0
34715,0
34719,0
34720,0
34727,0
34732,0
34735,0
34736,0
34738,0
34744,0
34749,0
34750,0
34754,0
34758,0
34761,0
34767,0
34771,0
34781,0
34793,0
34794,0
34796,0
34798,0
34808,0
34809,0
34812,0
34814,0
34815,0
34821,0
34824,0
34825,0
34826,0
34829,0
34831,0
34835,0
34836,0
34840,0
34844,0
34856,0
34857,0
34866,0
34867,0
34869,0
34871,0
34872,0
34874,0
34885,0
34886,0
34888,0
34890,0
34892,0
34901,0
34909,0
34910,0
34914,0
34916,0
34918,0
34924,0
34926,0
34930,0
34934,0
34938,0
34941,0
34947,0
34963,0
34977,0
34978,0
34980,0
34982,0
34996,0
35001,0
35002,0
35005,0
35016,0
35038,0
35042,0
35048,0
35050,0
35052,0
35059,0
35087,0
35097,0
35098,0
35100,0
35103,0
35108,0
35117,0
35119,0
35122,0
35124,0
35125,0
35133,0
35139,0
35144,0
35145,0
35153,0
35154,0
35158,0
35160,0
35163,0
35166,0
35169,0
35171,0
35177,0
35179,0
35180,0
35181,0
35182,0
35187,0
35196,0
35197,0
35205,0
35206,0
35207,0
35210,0
35215,0
35220,0
35223,0
35226,0
35232,0
35234,0
35241,0
35244,0
35245,0
35248,0
35254,0
35258,0
35261,0
35264,0
35268,0
35269,0
35270,0
35271,0
35274,0
35280,0
35284,0
35287,0
35290,0
35294,0
35299,0
35303,0
35307,0
35310,0
35312,0
35313,0
35317,0
35324,0
35329,0
35330,0
35331,0
35332,0
35333,0
35338,0
35341,0
35342,0
35343,0
35348,0
35359,0
35362,0
35363,0
35365,0
35366,0
35367,0
35369,0
35370,0
35371,0
35380,0
35390,0
35392,0
35393,0
35396,0
35402,0
35405,0
35407,0
35409,0
35411,0
35414,0
35427,0
35435,0
35442,0
35446,0
35449,0
35461,0
35469,0
35470,0
35473,0
35478,0
35481,0
35482,0
35486,0
35489,0
35491,0
35493,0
35498,0
35504,0
35507,0
35515,0
35516,0
35521,0
35527,0
35530,0
35537,0
35539,0
35541,0
35546,0
35547,0
35548,0
35565,0
35569,0
35571,0
35572,0
35574,0
35586,0
35588,0
35593,0
35594,0
35596,0
35603,0
35607,0
35609,0
35627,0
35629,0
35631,0
35637,0
35642,0
35643,0
35645,0
35648,0
35652,0
35658,0
35666,0
35669,0
35672,0
35674,0
35683,0
35685,0
35688,0
35697,0
35711,0
35715,0
35719,0
35721,0
35728,0
35729,0
35742,0
35744,0
35748,0
35757,0
35759,0
35767,0
35768,0
35770,0
35773,0
35774,0
35776,0
35778,0
35780,0
35786,0
35789,0
35790,0
35795,0
35797,0
35802,0
35805,0
35809,0
35813,0
35818,0
35822,0
35824,0
35826,0
35827,0
35829,0
35830,0
35835,0
35845,0
35848,0
35853,0
35857,0
35859,0
35861,0
35863,0
35872,0
35873,0
35874,0
35878,0
35881,0
35883,0
35887,0
35890,0
35897,0
35904,0
35907,0
35913,0
35914,0
35921,0
35922,0
35923,0
35930,0
35931,0
35933,0
35937,0
35940,0
35946,0
35958,0
35959,0
35968,0
35971,0
35972,0
35973,0
35977,0
35981,0
35988,0
35991,0
35999,0
36002,0
36003,0
36005,0
36009,0
36012,0
36015,0
36025,0
36032,0
36039,0
36040,0
36048,0
36049,0
36050,0
36054,0
36057,0
36059,0
36065,0
36076,0
36077,0
36090,0
36103,0
36111,0
36112,0
36114,0
36116,0
36118,0
36119,0
36122,0
36124,0
36128,0
36129,0
36135,0
36139,0
36141,0
36144,0
36146,0
36154,0
36157,0
36159,0
36169,0
36171,0
36179,0
36182,0
36184,0
36188,0
36189,0
36194,0
36199,0
36201,0
36203,0
36204,0
36206,0
36207,0
36214,0
36216,0
36217,0
36219,0
36232,0
36233,0
36234,0
36237,0
36241,0
36252,0
36256,0
36269,0
36274,0
36275,0
36279,0
36283,0
36285,0
36286,0
36299,0
36304,0
36305,0
36307,0
36308,0
36315,0
36319,0
36320,0
36322,0
36323,0
36327,0
36328,0
36329,0
36331,0
36333,0
36334,0
36335,0
36337,0
36339,0
36347,0
36348,0
36350,0
36351,0
36356,0
36365,0
36367,0
36369,0
36371,0
36377,0
36384,0
36389,0
36397,0
36405,0
36407,0
36413,0
36414,0
36415,0
36428,0
36431,0
36432,0
36433,0
36436,0
36444,0
36447,0
36459,0
36461,0
36464,0
36475,0
36477,0
36481,0
36483,0
36501,0
36506,0
36507,0
36512,0
36516,0
36524,0
36530,0
36531,0
36538,0
36539,0
36542,0
36545,0
36556,0
36557,0
36558,0
36559,0
36560,0
36562,0
36565,0
36566,0
36568,0
36572,0
36576,0
36579,0
36588,0
36591,0
36592,0
36595,0
36599,0
36601,0
36613,0
36617,0
36618,0
36621,0
36622,0
36626,0
36629,0
36633,0
36634,0
36636,0
36639,0
36640,0
36642,0
36649,0
36652,0
36657,0
36661,0
36662,0
36669,0
36678,0
36684,0
36685,0
36687,0
36689,0
36690,0
36692,0
36695,0
36696,0
36697,0
36703,0
36704,0
36707,0
36714,0
36715,0
36721,0
36724,0
36725,0
36728,0
36729,0
36731,0
36737,0
36738,0
36744,0
36746,0
36747,0
36748,0
36750,0
36751,0
36753,0
36754,0
36759,0
36763,0
36769,0
36770,0
36776,0
36780,0
36781,0
36782,0
36791,0
36794,0
36797,0
36799,0
36800,0
36805,0
36808,0
36813,0
36817,0
36825,0
36826,0
36830,0
36831,0
36837,0
36839,0
36840,0
36845,0
36849,0
36850,0
36853,0
36860,0
36866,0
36868,0
36872,0
36873,0
36879,0
36881,0
36882,0
36888,0
36898,0
36901,0
36902,0
36903,0
36909,0
36917,0
36919,0
36920,0
36924,0
36925,0
36937,0
36939,0
36946,0
36953,0
36961,0
36963,0
36964,0
36968,0
36972,0
36976,0
36979,0
36992,0
36998,0
37003,0
37010,0
37014,0
37016,0
37022,0
37024,0
37026,0
37031,0
37032,0
37040,0
37041,0
37045,0
37047,0
37049,0
37054,0
37060,0
37061,0
37062,0
37063,0
37068,0
37077,0
37078,0
37079,0
37082,0
37091,0
37097,0
37099,0
37102,0
37107,0
37111,0
37112,0
37116,0
37124,0
37125,0
37126,0
37135,0
37138,0
37153,0
37167,0
37175,0
37179,0
37183,0
37185,0
37192,0
37193,0
37195,0
37200,0
37205,0
37206,0
37211,0
37212,0
37214,0
37229,0
37233,0
37239,0
37241,0
37244,0
37248,0
37249,0
37251,0
37254,0
37259,0
37262,0
37264,0
37272,0
37279,0
37280,0
37283,0
37285,0
37287,0
37289,0
37290,0
37297,0
37303,0
37309,0
37311,0
37313,0
37323,0
37334,0
37335,0
37341,0
37344,0
37345,0
37347,0
37348,0
37351,0
37352,0
37356,0
37359,0
37362,0
37368,0
37371,0
37381,0
37394,0
37395,0
37400,0
37401,0
37405,0
37412,0
37413,0
37425,0
37426,0
37428,0
37429,0
37434,0
37437,0
37440,0
37441,0
37444,0
37447,0
37451,0
37452,0
37461,0
37462,0
37466,0
37467,0
37469,0
37474,0
37477,0
37479,0
37481,0
37492,0
37493,0
37494,0
37496,0
37498,0
37502,0
37505,0
37516,0
37522,0
37526,0
37528,0
37529,0
37532,0
37537,0
37548,0
37554,0
37556,0
37559,0
37562,0
37564,0
37566,0
37573,0
37578,0
37584,0
37585,0
37587,0
37589,0
37590,0
37599,0
37605,0
37608,0
37611,0
37612,0
37614,0
37615,0
37616,0
37630,0
37636,0
37645,0
37646,0
37647,0
37648,0
37651,0
37654,0
37656,0
37665,0
37667,0
37669,0
37674,0
37680,0
37685,0
37688,0
37691,0
37694,0
37695,0
37703,0
37706,0
37711,0
37719,0
37724,0
37729,0
37732,0
37745,0
37746,0
37748,0
37749,0
37761,0
37762,0
37764,0
37770,0
37771,0
37774,0
37781,0
37790,0
37796,0
37803,0
37809,0
37815,0
37816,0
37822,0
37835,0
37836,0
37841,0
37844,0
37847,0
37848,0
37849,0
37852,0
37855,0
37859,0
37870,0
37873,0
37875,0
37878,0
37879,0
37881,0
37883,0
37884,0
37885,0
37889,0
37890,0
37892,0
37894,0
37899,0
37911,0
37913,0
37918,0
37922,0
37929,0
37933,0
37945,0
37946,0
37949,0
37950,0
37961,0
37964,0
37967,0
37968,0
37969,0
37971,0
37972,0
37974,0
37985,0
37988,0
38003,0
38004,0
38008,0
38012,0
38015,0
38016,0
38020,0
38022,0
38025,0
38027,0
38028,0
38040,0
38043,0
38051,0
38053,0
38056,0
38057,0
38060,0
38061,0
38062,0
38064,0
38066,0
38071,0
38072,0
38075,0
38078,0
38079,0
38087,0
38090,0
38092,0
38094,0
38101,0
38103,0
38115,0
38117,0
38118,0
38123,0
38125,0
38128,0
38129,0
38136,0
38137,0
38144,0
38145,0
38147,0
38150,0
38155,0
38156,0
38157,0
38165,0
38166,0
38169,0
38171,0
38176,0
38177,0
38178,0
38179,0
38180,0
38185,0
38186,0
38188,0
38190,0
38192,0
38193,0
38195,0
38201,0
38203,0
38204,0
38210,0
38217,0
38221,0
38226,0
38230,0
38235,0
38240,0
38248,0
38250,0
38251,0
38259,0
38260,0
38264,0
38268,0
38272,0
38275,0
38278,0
38279,0
38281,0
38288,0
38292,0
38293,0
38297,0
38299,0
38301,0
38305,0
38308,0
38312,0
38319,0
38320,0
38321,0
38325,0
38328,0
38339,0
38344,0
38347,0
38348,0
38351,0
38353,0
38358,0
38365,0
38366,0
38367,0
38369,0
38370,0
38375,0
38378,0
38381,0
38382,0
38385,0
38388,0
38389,0
38390,0
38393,0
38415,0
38419,0
38421,0
38430,0
38433,0
38434,0
38439,0
38440,0
38458,0
38481,0
38489,0
38494,0
38498,0
38507,0
38508,0
38518,0
38524,0
38530,0
38534,0
38537,0
38538,0
38539,0
38543,0
38547,0
38551,0
38553,0
38555,0
38559,0
38570,0
38571,0
38572,0
38574,0
38577,0
38579,0
38581,0
38586,0
38589,0
38593,0
38594,0
38595,0
38602,0
38611,0
38613,0
38614,0
38615,0
38622,0
38626,0
38627,0
38628,0
38630,0
38631,0
38632,0
38634,0
38636,0
38637,0
38645,0
38649,0
38650,0
38654,0
38658,0
38669,0
38672,0
38679,0
38680,0
38681,0
38683,0
38685,0
38686,0
38687,0
38688,0
38692,0
38701,0
38707,0
38712,0
38716,0
38719,0
38723,0
38725,0
38726,0
38728,0
38729,0
38733,0
38734,0
38736,0
38737,0
38738,0
38740,0
38742,0
38746,0
38749,0
38756,0
38759,0
38764,0
38766,0
38770,0
38772,0
38774,0
38775,0
38781,0
38783,0
38784,0
38787,0
38795,0
38797,0
38800,0
38805,0
38806,0
38808,0
38811,0
38817,0
38822,0
38823,0
38826,0
38834,0
38836,0
38842,0
38843,0
38853,0
38854,0
38855,0
38861,0
38866,0
38870,0
38871,0
38875,0
38877,0
38882,0
38885,0
38889,0
38893,0
38894,0
38905,0
38909,0
38914,0
38915,0
38917,0
38919,0
38921,0
38929,0
38935,0
38937,0
38944,0
38949,0
38951,0
38955,0
38956,0
38958,0
38961,0
38975,0
38999,0
39002,0
39010,0
39013,0
39014,0
39015,0
39024,0
39030,0
39031,0
39036,0
39037,0
39044,0
39053,0
39054,0
39058,0
39071,0
39073,0
39074,0
39077,0
39081,0
39082,0
39087,0
39094,0
39096,0
39097,0
39099,0
39102,0
39103,0
39104,0
39115,0
39116,0
39118,0
39120,0
39122,0
39134,0
39138,0
39139,0
39140,0
39146,0
39148,0
39150,0
39154,0
39155,0
39158,0
39161,0
39163,0
39169,0
39175,0
39180,0
39185,0
39186,0
39188,0
39200,0
39206,0
39209,0
39218,0
39219,0
39229,0
39230,0
39241,0
39242,0
39254,0
39270,0
39275,0
39277,0
39287,0
39293,0
39303,0
39304,0
39307,0
39308,0
39311,0
39312,0
39320,0
39324,0
39332,0
39333,0
39337,0
39338,0
39342,0
39344,0
39351,0
39358,0
39360,0
39361,0
39367,0
39371,0
39374,0
39375,0
39384,0
39386,0
39388,0
39390,0
39398,0
39408,0
39410,0
39412,0
39418,0
39426,0
39429,0
39430,0
39433,0
39439,0
39442,0
39443,0
39444,0
39446,0
39449,0
39457,0
39464,0
39465,0
39466,0
39472,0
39474,0
39478,0
39480,0
39482,0
39488,0
39492,0
39500,0
39504,0
39507,0
39510,0
39512,0
39516,0
39519,0
39533,0
39538,0
39540,0
39548,0
39550,0
39551,0
39552,0
39556,0
39565,0
39571,0
39573,0
39575,0
39577,0
39585,0
39586,0
39587,0
39591,0
39598,0
39599,0
39600,0
39601,0
39610,0
39616,0
39621,0
39624,0
39628,0
39630,0
39635,0
39639,0
39640,0
39642,0
39653,0
39654,0
39655,0
39657,0
39661,0
39666,0
39671,0
39674,0
39676,0
39679,0
39680,0
39688,0
39689,0
39690,0
39697,0
39699,0
39701,0
39709,0
39712,0
39723,0
39724,0
39733,0
39736,0
39741,0
39742,0
39744,0
39745,0
39747,0
39748,0
39750,0
39757,0
39763,0
39768,0
39782,0
39785,0
39796,0
39808,0
39811,0
39812,0
39813,0
39815,0
39816,0
39818,0
39823,0
39825,0
39831,0
39833,0
39834,0
39836,0
39837,0
39842,0
39843,0
39846,0
39847,0
39848,0
39852,0
39856,0
39857,0
39858,0
39860,0
39863,0
39864,0
39866,0
39867,0
39874,0
39881,0
39887,0
39896,0
39897,0
39898,0
39903,0
39908,0
39913,0
39916,0
39927,0
39932,0
39933,0
39934,0
39936,0
39937,0
39939,0
39941,0
39946,0
39948,0
39960,0
39968,0
39970,0
39972,0
39976,0
39979,0
39980,0
39983,0
39986,0
39992,0
39996,0
39998,0
