"id","sent"
21,0
23,1
26,0
27,1
30,1
33,0
35,1
45,0
49,1
50,0
51,0
52,0
54,1
55,0
56,1
59,1
61,1
63,0
74,1
76,1
78,1
86,1
92,0
95,1
96,1
97,1
107,1
112,0
113,1
116,0
120,0
122,1
125,1
130,0
132,1
133,0
135,1
138,0
139,1
140,1
149,0
154,1
155,1
158,1
162,1
163,1
164,1
166,1
167,1
168,1
173,1
176,1
177,1
181,1
183,1
185,1
190,1
193,1
202,0
206,0
217,1
218,1
222,1
223,0
228,0
229,0
233,1
238,1
239,1
240,1
242,1
262,1
279,0
280,0
282,1
285,1
290,0
294,0
297,0
304,0
305,0
313,1
319,1
320,0
328,1
330,1
335,1
338,1
343,1
353,1
354,1
356,1
362,1
366,1
371,1
377,1
381,1
386,1
394,0
401,1
406,1
407,1
415,1
416,1
420,0
425,1
438,1
444,1
451,1
458,0
464,1
465,1
469,0
470,1
472,1
473,1
475,1
478,1
480,1
484,1
491,1
493,1
499,1
500,1
501,1
502,1
508,1
524,0
527,0
528,0
529,1
538,1
546,1
548,1
554,1
556,1
561,1
562,1
565,1
573,1
581,0
582,1
593,1
597,0
599,1
601,1
602,0
605,1
615,1
631,0
633,1
634,1
639,1
641,1
645,1
646,1
650,1
652,1
655,1
657,0
658,1
659,1
662,1
666,0
667,0
668,1
670,1
673,1
680,1
688,1
690,1
692,1
694,1
698,1
700,1
701,1
711,1
715,1
724,1
725,1
728,1
749,1
750,1
753,0
760,1
763,1
766,0
769,1
771,1
774,1
775,0
784,0
798,0
799,1
800,0
805,1
806,1
807,0
819,1
822,1
831,0
840,1
842,1
843,1
844,1
851,0
855,1
860,1
868,0
873,1
885,0
893,1
898,0
899,0
900,1
901,1
920,1
921,1
923,0
926,1
930,1
931,1
933,1
942,1
944,1
950,0
955,0
960,0
969,0
970,1
972,1
977,1
978,1
988,0
990,1
991,1
993,1
994,0
1002,0
1009,0
1016,1
1018,1
1020,0
1027,0
1039,1
1058,1
1064,1
1066,1
1084,0
1087,1
1090,1
1100,0
1104,0
1113,0
1120,1
1125,1
1126,1
1130,1
1132,0
1136,1
1140,0
1142,1
1148,1
1149,0
1152,0
1161,1
1162,1
1174,0
1181,0
1182,1
1185,0
1194,0
1198,1
1202,1
1204,1
1210,1
1211,0
1216,1
1217,1
1218,1
1219,1
1223,1
1226,1
1229,0
1234,1
1235,1
1242,1
1247,1
1251,1
1266,1
1267,0
1270,1
1277,1
1278,1
1280,1
1281,1
1282,1
1284,1
1289,0
1294,1
1295,1
1304,0
1308,1
1310,1
1311,1
1314,1
1321,1
1322,1
1325,1
1328,1
1332,1
1335,1
1336,1
1338,1
1346,1
1352,1
1354,1
1355,1
1356,0
1357,0
1358,1
1366,0
1368,1
1370,1
1371,1
1373,1
1374,1
1378,1
1379,1
1381,0
1383,1
1386,0
1390,1
1392,1
1393,1
1400,1
1401,1
1402,1
1405,1
1406,0
1412,1
1413,0
1416,1
1420,1
1423,1
1429,1
1431,1
1434,1
1438,1
1440,1
1445,1
1448,1
1463,0
1475,1
1484,0
1485,1
1497,1
1498,0
1503,1
1507,1
1511,1
1516,1
1519,1
1521,0
1525,1
1527,1
1533,1
1534,1
1536,1
1537,1
1550,1
1553,1
1554,1
1557,1
1558,1
1561,0
1564,1
1569,1
1571,1
1577,1
1579,0
1596,0
1598,1
1600,1
1603,1
1606,1
1613,0
1616,1
1618,1
1619,0
1628,1
1634,1
1637,1
1639,1
1642,0
1644,0
1648,0
1649,0
1651,1
1654,0
1655,1
1658,1
1659,0
1660,1
1662,1
1665,0
1669,1
1670,1
1676,1
1677,1
1678,1
1680,1
1682,1
1684,0
1686,0
1692,1
1693,1
1699,0
1704,1
1708,0
1711,1
1716,1
1717,1
1724,0
1727,0
1728,1
1733,1
1735,0
1738,1
1740,0
1742,1
1746,1
1748,1
1751,1
1756,1
1758,1
1765,1
1766,1
1768,0
1771,1
1772,0
1776,1
1778,1
1781,1
1788,0
1791,0
1796,1
1797,1
1800,1
1803,1
1809,0
1810,1
1812,1
1821,0
1827,1
1839,0
1844,1
1845,1
1846,1
1848,0
1856,1
1857,1
1865,1
1867,1
1879,0
1882,1
1883,0
1890,1
1895,1
1902,1
1908,1
1909,1
1911,0
1913,1
1926,0
1933,1
1936,1
1941,0
1955,0
1957,0
1959,0
1963,0
1966,1
1973,0
1974,1
1975,1
1976,0
1978,1
1979,0
1980,1
1983,1
1985,1
1986,0
1995,0
1997,1
2001,1
2002,1
2003,1
2016,0
2022,1
2024,1
2030,1
2031,1
2032,0
2036,1
2038,1
2040,1
2044,1
2051,1
2052,1
2056,1
2057,1
2067,1
2070,1
2073,1
2080,1
2084,1
2085,1
2100,1
2101,1
2102,1
2107,1
2109,1
2111,1
2112,1
2116,1
2117,1
2118,1
2121,1
2125,1
2130,1
2132,0
2144,0
2148,0
2149,1
2154,1
2158,1
2168,1
2171,1
2181,1
2185,1
2190,1
2192,0
2198,0
2207,1
2209,1
2210,1
2220,1
2221,1
2229,0
2231,1
2232,0
2235,0
2254,1
2259,1
2260,0
2262,1
2263,1
2266,1
2269,1
2281,0
2287,0
2289,0
2290,1
2293,1
2294,1
2300,1
2301,1
2302,0
2313,1
2319,0
2320,1
2322,1
2324,1
2325,1
2326,1
2345,1
2351,1
2362,1
2363,0
2364,1
2365,1
2369,1
2377,1
2383,1
2384,1
2388,1
2391,1
2393,1
2403,1
2404,1
2405,0
2406,1
2412,1
2414,1
2419,1
2420,1
2424,1
2426,0
2428,1
2429,1
2433,1
2436,1
2439,1
2452,1
2456,1
2458,1
2462,1
2468,0
2472,0
2477,0
2478,1
2481,1
2482,1
2489,1
2493,1
2494,1
2499,1
2504,0
2507,0
2514,1
2521,1
2529,0
2534,1
2536,0
2539,1
2549,1
2552,1
2557,1
2559,1
2567,1
2569,1
2574,1
2575,0
2576,0
2577,1
2578,1
2580,1
2585,0
2588,1
2594,0
2595,0
2600,1
2601,0
2603,0
2612,1
2618,1
2619,0
2620,0
2623,1
2625,1
2626,1
2632,1
2639,1
2643,1
2646,1
2653,0
2659,1
2661,0
2667,1
2668,0
2671,1
2672,1
2678,1
2679,1
2682,1
2683,1
2684,0
2693,1
2694,1
2695,1
2697,0
2700,1
2703,1
2704,1
2706,1
2710,1
2718,1
2723,0
2726,1
2727,1
2728,0
2732,0
2738,1
2749,0
2751,1
2765,1
2772,1
2778,1
2785,0
2787,1
2791,1
2797,1
2802,1
2805,1
2807,1
2808,1
2820,1
2827,1
2832,1
2833,1
2836,1
2838,1
2841,0
2843,1
2847,1
2850,1
2852,0
2854,1
2856,0
2863,1
2864,1
2868,1
2892,1
2896,1
2898,1
2904,1
2910,1
2912,1
2914,0
2919,1
2922,1
2924,0
2927,1
2929,1
2961,1
2966,1
2981,1
2982,1
2984,1
2986,0
2987,0
2992,1
2994,1
2995,1
3004,1
3005,1
3008,1
3009,1
3012,1
3022,1
3026,1
3035,0
3063,1
3072,0
3073,1
3075,1
3078,0
3079,1
3083,0
3088,1
3095,1
3096,0
3098,0
3105,1
3108,0
3113,1
3122,1
3127,1
3137,1
3140,0
3141,1
3150,1
3152,1
3153,1
3160,0
3163,1
3165,1
3167,1
3173,1
3177,0
3182,1
3187,1
3188,0
3196,1
3199,0
3200,1
3205,1
3206,0
3208,1
3218,1
3225,1
3226,1
3228,1
3230,1
3234,1
3243,1
3261,0
3263,0
3265,0
3267,1
3268,0
3271,0
3272,0
3273,1
3274,0
3280,1
3282,1
3293,1
3294,1
3296,1
3298,1
3300,0
3304,1
3306,1
3310,1
3311,1
3314,0
3316,1
3318,1
3322,1
3323,1
3328,0
3330,1
3337,0
3339,1
3340,0
3348,1
3350,1
3358,1
3363,1
3366,1
3383,1
3384,1
3388,1
3389,1
3393,1
3400,1
3408,1
3410,1
3415,1
3417,1
3420,1
3421,1
3425,1
3426,0
3427,1
3428,1
3429,1
3430,1
3431,1
3446,0
3449,1
3453,1
3463,0
3466,0
3468,1
3469,0
3470,0
3472,1
3474,0
3482,0
3493,0
3495,1
3500,0
3503,1
3509,1
3510,1
3518,1
3530,1
3533,1
3540,0
3543,1
3546,1
3552,1
3554,1
3556,1
3558,1
3559,1
3563,1
3565,0
3576,0
3580,1
3591,1
3592,1
3593,1
3594,0
3595,1
3603,1
3609,1
3610,1
3616,1
3620,1
3625,1
3629,1
3631,1
3638,1
3647,0
3649,1
3653,1
3658,1
3661,1
3669,1
3678,0
3685,1
3686,1
3688,1
3689,1
3690,1
3695,1
3697,1
3698,1
3701,1
3707,1
3709,1
3718,1
3719,1
3728,0
3729,1
3730,1
3731,1
3738,1
3739,1
3741,1
3744,1
3747,1
3749,1
3753,1
3758,1
3759,1
3761,1
3762,1
3771,1
3772,1
3776,1
3794,1
3795,1
3798,1
3803,1
3809,1
3814,1
3822,1
3823,1
3826,1
3828,0
3836,1
3838,0
3845,1
3851,0
3856,1
3857,1
3858,0
3863,1
3864,1
3865,1
3867,1
3868,1
3873,1
3874,1
3888,0
3892,1
3893,0
3894,0
3896,1
3902,1
3908,1
3909,1
3912,1
3915,1
3919,1
3924,1
3932,1
3935,1
3939,1
3942,1
3950,1
3952,1
3955,1
3957,1
3968,1
3969,1
3971,1
3973,1
3977,1
3978,1
3983,1
3984,0
3992,0
3994,1
3995,1
3996,1
3999,1
4003,1
4006,1
4012,1
4023,1
4031,1
4033,0
4034,1
4036,1
4037,0
4044,1
4046,0
4047,1
4048,1
4049,1
4051,1
4052,0
4055,1
4061,1
4062,1
4064,1
4069,0
4071,1
4078,1
4082,1
4083,1
4088,1
4094,1
4096,0
4099,0
4103,1
4104,1
4109,1
4113,0
4117,1
4122,0
4123,1
4136,0
4137,1
4143,1
4145,1
4147,1
4149,1
4150,1
4157,1
4165,1
4169,0
4170,1
4182,1
4184,1
4185,1
4186,1
4188,1
4200,1
4203,1
4206,1
4207,0
4211,1
4212,1
4215,1
4217,1
4219,1
4222,1
4225,1
4233,1
4235,1
4253,1
4258,1
4259,1
4266,1
4267,1
4268,1
4270,1
4274,1
4276,1
4277,1
4283,1
4284,1
4300,1
4304,1
4313,1
4314,1
4323,0
4329,1
4336,0
4338,1
4339,1
4344,1
4350,1
4352,1
4355,1
4363,1
4368,1
4370,1
4372,1
4374,1
4375,1
4376,1
4381,1
4386,1
4387,1
4390,0
4391,0
4396,1
4403,1
4409,1
4411,1
4412,0
4413,1
4415,1
4429,1
4433,1
4435,1
4443,1
4455,1
4464,1
4465,1
4473,1
4474,1
4476,1
4480,1
4486,0
4487,0
4488,1
4492,0
4499,1
4510,1
4517,0
4530,1
4534,0
4535,1
4541,0
4542,1
4544,1
4546,1
4547,1
4548,1
4552,1
4558,1
4566,1
4567,1
4568,1
4572,1
4583,1
4585,1
4589,0
4601,1
4602,0
4603,1
4604,1
4605,1
4610,1
4622,1
4626,1
4628,0
4630,0
4635,0
4636,1
4640,1
4643,1
4645,1
4648,1
4656,0
4659,1
4662,1
4668,1
4671,1
4672,1
4676,1
4679,1
4686,0
4687,1
4695,1
4697,1
4698,0
4705,1
4712,1
4718,0
4719,1
4720,0
4721,1
4723,0
4724,1
4725,1
4732,0
4741,1
4745,1
4746,0
4750,1
4751,1
4754,1
4755,1
4759,1
4771,1
4774,1
4775,0
4776,0
4780,1
4781,1
4783,0
4784,0
4790,1
4791,1
4797,0
4807,1
4811,1
4814,0
4818,1
4821,1
4824,1
4827,1
4831,1
4835,1
4843,1
4844,0
4848,1
4855,1
4860,0
4864,1
4870,1
4871,1
4876,1
4879,0
4880,1
4881,0
4882,1
4884,0
4886,1
4887,1
4889,1
4891,1
4894,1
4896,1
4903,1
4906,1
4910,0
4911,0
4913,1
4919,1
4923,1
4925,1
4932,1
4941,1
4944,0
4946,1
4947,1
4952,1
4953,0
4957,0
4958,1
4959,1
4960,1
4962,1
4973,1
4982,0
4989,1
4990,1
4992,1
4993,1
4995,1
5002,1
5004,1
5018,1
5020,0
5024,1
5027,1
5030,1
5036,0
5044,1
5051,1
5053,1
5056,1
5057,1
5060,1
5061,1
5062,0
5063,1
5064,0
5066,1
5067,1
5068,0
5070,1
5077,1
5078,1
5079,1
5081,1
5083,1
5086,1
5088,1
5097,1
5102,1
5104,1
5105,0
5109,1
5120,1
5124,1
5125,1
5131,1
5136,0
5137,0
5142,1
5143,1
5145,1
5149,1
5150,0
5152,1
5156,1
5157,0
5167,1
5173,0
5174,1
5181,1
5182,1
5193,1
5200,0
5201,1
5216,1
5219,1
5221,1
5229,1
5240,1
5241,1
5242,1
5246,1
5248,1
5252,1
5258,0
5261,1
5264,1
5265,1
5266,1
5267,0
5276,1
5278,1
5280,1
5289,1
5302,1
5303,1
5304,1
5308,0
5312,1
5323,1
5325,1
5342,1
5343,1
5345,1
5347,0
5350,1
5352,0
5362,0
5364,1
5365,1
5369,1
5379,1
5400,1
5402,1
5409,1
5412,1
5421,1
5423,1
5426,1
5428,0
5434,1
5435,1
5441,1
5443,1
5447,1
5452,0
5455,0
5459,1
5461,1
5462,1
5469,0
5471,1
5474,1
5476,1
5480,1
5487,1
5490,0
5494,1
5497,1
5498,1
5499,1
5501,1
5502,1
5514,1
5517,1
5518,1
5520,1
5522,1
5524,1
5525,1
5528,1
5529,1
5537,1
5540,1
5550,1
5552,1
5555,1
5560,0
5562,1
5565,1
5568,1
5573,1
5577,0
5578,1
5580,1
5582,1
5583,1
5587,1
5589,1
5595,0
5599,1
5606,1
5610,1
5615,0
5621,1
5622,1
5623,1
5628,1
5630,1
5640,1
5641,1
5643,1
5657,1
5666,1
5667,1
5678,1
5679,1
5681,0
5682,1
5684,1
5688,1
5689,0
5691,1
5704,1
5710,1
5712,1
5715,1
5716,0
5720,0
5722,1
5726,1
5728,1
5733,1
5734,1
5741,0
5743,0
5754,0
5758,1
5760,1
5761,1
5766,1
5772,1
5774,1
5776,1
5780,1
5782,1
5789,1
5794,1
5796,1
5803,1
5806,0
5810,1
5812,1
5817,1
5818,1
5825,0
5826,1
5829,1
5835,1
5837,1
5844,1
5849,1
5850,1
5851,0
5853,1
5864,1
5868,1
5878,1
5880,1
5882,0
5891,1
5893,1
5895,1
5896,1
5897,1
5902,1
5909,0
5911,1
5916,1
5917,1
5919,1
5925,0
5929,1
5933,0
5934,1
5946,1
5948,1
5952,1
5953,0
5954,1
5955,0
5960,1
5963,0
5969,1
5979,1
5980,1
5984,1
5988,1
5995,1
5996,1
5999,1
6005,1
6006,1
6010,1
6011,0
6015,1
6024,0
6025,1
6027,0
6029,0
6030,0
6033,0
6037,1
6038,1
6039,1
6049,1
6050,1
6058,1
6059,1
6064,1
6066,1
6070,1
6074,1
6078,1
6083,1
6087,1
6089,1
6097,1
6099,1
6106,1
6111,0
6125,1
6129,1
6136,1
6143,1
6147,0
6149,0
6150,0
6155,0
6159,0
6167,1
6174,1
6177,1
6179,1
6183,0
6186,1
6187,0
6188,1
6189,0
6193,0
6196,0
6198,1
6202,0
6204,1
6205,0
6207,1
6208,1
6214,1
6215,0
6216,1
6219,1
6223,1
6233,1
6235,1
6242,1
6246,1
6249,1
6250,1
6253,1
6254,1
6260,1
6270,1
6274,1
6278,0
6279,1
6284,1
6285,1
6294,1
6296,0
6299,1
6302,1
6303,0
6304,1
6309,1
6312,1
6314,0
6315,1
6317,1
6318,0
6322,0
6331,1
6333,1
6334,1
6335,0
6343,1
6347,0
6350,1
6355,1
6358,0
6362,1
6368,0
6371,0
6376,1
6382,0
6385,1
6392,1
6397,1
6402,0
6409,1
6410,1
6420,0
6424,1
6427,0
6431,0
6434,1
6435,1
6439,1
6445,1
6450,0
6452,0
6453,1
6458,1
6460,1
6471,1
6472,1
6473,1
6477,1
6483,1
6488,0
6490,1
6491,1
6496,1
6497,0
6499,1
6504,1
6505,1
6510,0
6520,1
6523,0
6524,0
6532,1
6539,0
6545,1
6547,1
6550,1
6560,0
6561,1
6562,1
6565,1
6569,1
6570,1
6575,1
6576,1
6577,1
6578,1
6579,1
6581,1
6582,1
6583,1
6589,1
6592,1
6593,1
6594,1
6597,1
6601,1
6603,1
6604,1
6605,1
6607,1
6617,0
6618,0
6620,1
6622,1
6623,1
6624,1
6626,1
6630,1
6635,0
6639,0
6644,1
6645,1
6646,1
6647,1
6648,1
6649,0
6654,1
6660,1
6662,1
6669,1
6670,1
6680,0
6695,1
6698,1
6701,0
6702,1
6703,1
6710,1
6711,1
6713,1
6725,1
6732,1
6733,1
6735,1
6736,1
6740,1
6750,1
6751,0
6755,1
6756,1
6757,1
6767,1
6769,1
6778,1
6782,1
6785,1
6786,0
6789,0
6791,0
6798,0
6800,1
6803,1
6808,1
6811,1
6812,1
6827,1
6831,1
6832,1
6838,1
6842,1
6844,0
6847,1
6858,1
6862,0
6868,1
6881,1
6883,1
6887,1
6888,1
6894,1
6895,1
6898,1
6902,1
6904,1
6905,1
6907,1
6912,1
6915,1
6917,0
6920,1
6925,0
6931,0
6937,1
6938,1
6939,1
6943,1
6955,0
6958,1
6965,1
6971,1
6974,1
6977,0
6978,1
6979,1
6983,0
6987,1
6988,0
6998,1
6999,0
7002,1
7006,1
7009,1
7027,1
7030,1
7038,1
7039,1
7040,1
7045,0
7046,0
7053,1
7063,1
7065,1
7067,1
7069,0
7081,0
7082,1
7083,0
7084,1
7088,1
7097,0
7101,1
7103,1
7110,1
7115,1
7117,1
7118,0
7124,1
7125,1
7129,1
7131,1
7134,1
7147,1
7149,1
7152,1
7153,1
7159,1
7162,0
7170,1
7176,1
7181,1
7182,1
7198,0
7200,0
7201,1
7203,0
7206,0
7208,1
7209,0
7211,1
7213,1
7215,1
7220,1
7225,1
7228,0
7232,1
7242,1
7245,1
7252,1
7253,1
7258,1
7263,1
7269,0
7271,1
7272,1
7295,1
7296,1
7298,1
7299,1
7303,1
7304,1
7306,0
7314,1
7327,1
7329,1
7330,1
7334,1
7335,1
7341,1
7343,1
7348,1
7349,1
7350,0
7354,0
7356,1
7357,0
7361,1
7366,1
7367,1
7368,1
7372,1
7373,1
7374,1
7377,1
7383,0
7385,1
7388,1
7389,1
7393,1
7399,1
7404,0
7407,0
7421,1
7426,1
7428,1
7430,1
7435,1
7436,1
7437,1
7440,1
7448,1
7451,1
7457,1
7460,1
7462,1
7465,1
7468,1
7473,1
7477,1
7485,1
7488,1
7489,1
7493,1
7496,1
7498,1
7499,1
7502,1
7505,1
7509,0
7510,1
7511,1
7514,1
7518,1
7521,1
7522,1
7530,1
7535,1
7536,1
7537,1
7542,1
7544,1
7551,1
7554,1
7556,1
7557,1
7561,1
7563,1
7566,0
7570,1
7571,1
7576,1
7580,1
7581,0
7600,0
7604,1
7609,1
7610,1
7614,1
7618,1
7619,1
7625,0
7629,1
7637,1
7642,1
7644,1
7650,1
7651,0
7658,0
7659,0
7666,1
7672,1
7673,1
7675,1
7677,1
7681,1
7686,1
7688,1
7690,1
7693,0
7697,0
7703,1
7705,1
7711,1
7714,0
7715,1
7717,1
7719,1
7726,1
7729,0
7732,1
7745,0
7746,0
7750,1
7753,0
7756,0
7759,0
7763,1
7764,1
7770,0
7771,1
7780,1
7782,1
7783,0
7784,0
7789,0
7791,1
7803,0
7808,1
7811,0
7812,1
7815,0
7818,0
7821,1
7828,1
7838,1
7844,1
7851,1
7862,0
7868,1
7878,0
7883,0
7885,0
7891,1
7892,0
7901,1
7902,1
7905,1
7906,0
7912,1
7915,1
7923,0
7924,0
7932,1
7935,1
7937,1
7938,0
7939,1
7947,1
7949,1
7950,1
7952,1
7953,1
7955,0
7957,1
7959,1
7971,1
7973,0
7974,1
7978,1
7982,1
7987,0
7988,1
7999,1
8001,1
8003,1
8008,1
8010,0
8012,1
8018,1
8023,1
8036,1
8039,1
8040,1
8042,1
8043,1
8044,1
8045,1
8047,0
8050,1
8057,1
8059,1
8070,0
8073,1
8076,0
8078,1
8079,1
8081,1
8086,0
8088,1
8093,1
8097,0
8101,1
8118,1
8121,1
8122,1
8125,1
8126,1
8128,1
8129,1
8131,1
8132,1
8133,1
8141,1
8142,1
8151,1
8156,0
8159,1
8161,1
8165,1
8166,1
8167,1
8169,1
8173,1
8174,1
8177,1
8181,0
8182,1
8183,1
8185,1
8188,1
8190,1
8192,0
8194,0
8195,1
8197,1
8201,1
8206,1
8211,1
8218,1
8229,1
8232,1
8235,1
8241,0
8242,1
8249,1
8251,1
8254,0
8255,0
8259,0
8260,1
8261,1
8264,1
8265,1
8266,1
8274,1
8277,0
8278,1
8280,0
8286,1
8288,1
8290,0
8294,1
8301,1
8306,1
8310,1
8312,0
8319,1
8331,1
8339,1
8341,1
8354,1
8359,1
8366,1
8368,1
8372,1
8377,1
8378,1
8379,1
8389,0
8395,1
8397,0
8398,1
8402,1
8403,1
8404,1
8408,1
8409,1
8413,1
8414,1
8428,1
8431,0
8435,0
8440,1
8449,1
8454,1
8459,1
8460,0
8463,1
8472,0
8479,1
8482,1
8483,0
8487,0
8492,1
8493,0
8498,1
8501,0
8502,1
8503,1
8504,1
8510,1
8512,1
8521,0
8524,1
8532,1
8538,0
8547,1
8548,1
8550,1
8551,1
8556,1
8558,1
8560,1
8561,1
8563,1
8567,1
8585,0
8589,1
8598,1
8602,1
8603,1
8608,1
8612,1
8619,1
8634,1
8638,1
8641,1
8642,1
8645,1
8656,0
8671,1
8678,1
8680,1
8681,0
8687,1
8692,0
8693,1
8699,1
8700,1
8711,1
8712,1
8716,1
8721,1
8725,1
8726,1
8730,1
8734,1
8743,0
8750,0
8754,1
8756,1
8757,1
8764,1
8767,1
8769,1
8775,0
8781,1
8783,1
8784,1
8792,1
8795,1
8802,1
8813,1
8815,1
8819,0
8823,1
8830,0
8832,1
8836,1
8843,1
8845,1
8846,1
8852,1
8854,1
8868,0
8873,1
8880,1
8888,1
8889,0
8893,1
8896,1
8898,1
8908,1
8910,0
8913,0
8930,1
8935,1
8939,0
8940,1
8946,1
8953,1
8957,0
8961,1
8964,1
8967,1
8968,1
8970,1
8971,0
8972,1
8981,1
8982,1
8985,1
8987,1
8989,0
8993,1
8994,0
8996,1
8998,1
9004,1
9006,1
9010,1
9011,1
9012,1
9016,1
9017,0
9024,1
9032,1
9038,1
9039,0
9041,1
9049,1
9050,1
9052,0
9058,1
9060,0
9066,1
9067,1
9075,1
9078,1
9082,1
9097,1
9098,1
9109,0
9112,1
9118,1
9119,1
9121,0
9126,1
9144,1
9146,1
9147,0
9154,0
9158,1
9160,1
9161,1
9163,1
9167,1
9174,1
9175,0
9183,1
9184,1
9185,1
9189,0
9192,0
9195,1
9201,0
9209,1
9210,1
9213,1
9217,1
9220,1
9223,1
9226,1
9232,1
9237,1
9239,0
9243,0
9254,1
9260,0
9266,0
9274,1
9275,0
9277,1
9290,0
9294,0
9299,1
9300,1
9308,1
9309,1
9315,0
9320,0
9321,1
9325,1
9328,1
9330,1
9334,1
9342,1
9344,1
9349,1
9350,1
9353,0
9357,0
9359,1
9367,0
9369,1
9370,1
9372,1
9374,1
9386,1
9390,1
9392,1
9397,1
9398,1
9401,0
9402,1
9405,1
9406,1
9407,1
9409,1
9417,1
9419,1
9425,1
9433,1
9434,1
9436,1
9437,0
9449,1
9453,1
9455,1
9462,0
9464,0
9465,1
9468,0
9473,1
9475,1
9479,1
9481,1
9487,1
9497,1
9498,1
9503,1
9508,1
9510,1
9512,0
9518,1
9521,1
9523,1
9524,1
9534,1
9537,1
9538,1
9540,1
9548,1
9562,1
9564,1
9570,0
9573,1
9576,1
9581,1
9583,1
9585,1
9593,1
9594,1
9600,1
9603,1
9610,0
9611,0
9619,1
9621,1
9626,1
9627,1
9642,1
9647,1
9660,0
9684,1
9689,1
9691,0
9693,1
9703,0
9704,1
9705,0
9707,1
9713,1
9714,1
9716,1
9719,1
9722,0
9723,1
9724,1
9726,1
9727,0
9730,0
9731,1
9732,1
9734,1
9737,1
9748,1
9751,1
9760,1
9766,1
9771,0
9772,0
9775,0
9776,1
9782,1
9784,1
9787,0
9788,1
9792,0
9795,1
9798,1
9802,0
9804,1
9822,1
9833,1
9836,0
9844,1
9849,1
9853,1
9858,1
9862,1
9864,1
9868,1
9872,1
9874,1
9879,1
9881,1
9885,1
9890,1
9893,1
9895,1
9898,1
9900,1
9902,1
9907,1
9911,0
9914,1
9916,0
9918,1
9921,0
9928,1
9929,0
9932,1
9935,0
9936,1
9946,0
9947,1
9948,1
9950,1
9960,1
9961,1
9966,1
9968,1
9974,1
9985,1
9986,0
9988,0
9991,0
9995,0
9997,1
10000,1
10023,0
10029,1
10032,1
10045,0
10049,1
10050,1
10051,0
10053,1
10054,0
10057,0
10058,1
10062,1
10073,1
10075,1
10080,1
10087,1
10091,1
10093,1
10100,1
10105,1
10107,1
10108,1
10117,0
10121,1
10130,1
10132,0
10133,0
10137,1
10145,1
10146,1
10153,1
10162,1
10166,1
10176,0
10179,1
10183,1
10185,1
10188,1
10189,1
10191,1
10193,1
10200,0
10208,0
10212,1
10213,1
10214,1
10222,1
10224,1
10226,1
10231,1
10234,1
10235,1
10236,0
10237,1
10241,1
10248,1
10255,1
10257,1
10259,1
10261,1
10264,1
10265,1
10270,0
10275,1
10284,0
10287,1
10290,0
10295,0
10297,0
10307,0
10323,1
10327,1
10328,1
10330,1
10342,1
10343,1
10348,1
10351,1
10353,1
10354,1
10359,1
10361,0
10367,1
10368,0
10369,1
10379,1
10380,1
10381,1
10383,0
10390,1
10392,1
10393,1
10395,1
10398,1
10402,1
10407,0
10409,1
10413,1
10414,1
10417,1
10426,1
10428,1
10431,1
10432,1
10436,1
10446,1
10448,0
10456,1
10457,1
10458,1
10459,0
10462,1
10466,0
10471,1
10472,1
10473,0
10477,1
10502,1
10503,1
10523,1
10530,0
10531,1
10541,1
10547,1
10548,1
10552,1
10553,1
10554,1
10557,1
10559,1
10563,1
10570,1
10573,1
10575,0
10589,0
10591,0
10592,1
10594,0
10598,0
10600,1
10603,1
10609,1
10614,1
10617,0
10628,0
10633,0
10636,0
10643,1
10645,1
10648,1
10655,1
10658,1
10660,1
10662,1
10669,1
10670,0
10673,1
10679,1
10681,1
10684,1
10689,0
10699,0
10705,1
10709,1
10716,1
10718,1
10721,1
10722,1
10723,0
10724,1
10728,1
10731,1
10732,1
10744,1
10745,0
10751,1
10754,1
10764,1
10765,0
10775,1
10776,0
10785,0
10795,1
10802,1
10813,1
10816,1
10821,1
10824,1
10827,0
10828,1
10829,1
10832,1
10836,1
10844,1
10850,1
10861,1
10865,0
10869,1
10870,1
10872,1
10886,0
10887,1
10889,1
10890,0
10894,1
10898,1
10899,1
10900,1
10903,1
10907,1
10911,0
10922,1
10924,1
10925,1
10926,1
10933,1
10934,1
10938,1
10939,1
10949,1
10951,1
10957,0
10961,1
10967,1
10970,1
10975,1
10977,1
10982,1
10984,1
10992,1
10999,0
11000,1
11001,1
11008,1
11012,1
11013,0
11015,1
11016,0
11028,0
11032,1
11033,0
11035,1
11036,1
11043,1
11046,1
11051,1
11060,1
11071,1
11079,1
11085,1
11087,1
11092,1
11093,1
11095,1
11099,1
11103,1
11105,1
11113,1
11114,1
11116,1
11118,1
11119,1
11126,1
11134,1
11137,1
11141,1
11146,0
11151,1
11153,1
11159,1
11164,0
11166,1
11167,1
11171,0
11173,1
11183,1
11185,1
11188,0
11193,1
11195,0
11196,1
11199,1
11203,1
11211,1
11215,1
11216,0
11221,0
11228,1
11230,0
11231,1
11237,1
11238,1
11240,1
11241,1
11251,1
11255,1
11256,1
11258,1
11260,0
11261,1
11265,1
11274,1
11278,1
11284,1
11285,1
11292,1
11297,1
11304,1
11305,1
11307,0
11309,0
11311,1
11316,1
11319,1
11320,1
11321,1
11329,1
11330,0
11331,1
11336,1
11338,1
11345,1
11352,1
11369,1
11379,1
11380,1
11387,0
11391,1
11393,1
11395,1
11397,1
11404,1
11416,1
11418,1
11429,1
11434,1
11440,1
11441,0
11454,1
11458,1
11460,1
11465,1
11472,1
11477,1
11482,1
11491,1
11497,1
11500,0
11501,1
11502,1
11506,1
11507,1
11513,0
11515,1
11516,1
11525,1
11526,1
11535,1
11536,1
11541,1
11549,1
11560,0
11563,1
11566,1
11569,0
11572,0
11576,1
11578,1
11581,1
11582,1
11584,0
11585,1
11586,1
11588,0
11591,0
11605,1
11607,1
11612,0
11616,1
11620,0
11630,1
11641,1
11644,1
11648,1
11650,1
11653,1
11654,1
11658,1
11659,1
11661,1
11663,1
11665,1
11667,1
11671,1
11676,1
11678,0
11679,0
11686,0
11691,1
11692,1
11698,1
11708,1
11720,1
11721,1
11722,0
11726,1
11727,0
11729,1
11733,1
11739,1
11741,1
11742,1
11748,1
11749,1
11751,1
11752,1
11753,1
11754,0
11756,1
11757,1
11766,1
11775,1
11792,1
11813,0
11815,1
11822,1
11826,0
11841,1
11847,1
11848,1
11849,1
11852,1
11854,1
11855,1
11859,1
11866,1
11872,1
11881,0
11883,1
11885,1
11887,1
11888,1
11910,1
11911,1
11913,1
11920,1
11928,1
11936,1
11941,1
11947,1
11950,1
11951,1
11953,1
11954,1
11956,1
11963,1
11968,1
11971,0
11973,1
11978,0
11980,0
11984,0
11986,1
11990,1
11992,0
11993,1
11996,1
11997,1
12000,1
12003,0
12007,1
12013,1
12017,1
12021,1
12023,1
12028,0
12030,1
12046,0
12047,1
12050,1
12055,1
12056,1
12062,1
12063,1
12068,1
12070,1
12071,1
12077,1
12078,1
12080,1
12081,0
12084,1
12090,0
12093,1
12094,1
12097,0
12101,1
12121,1
12127,0
12131,0
12132,1
12136,1
12146,1
12147,1
12152,0
12155,1
12157,1
12158,1
12160,0
12166,1
12168,1
12174,1
12176,1
12181,1
12184,1
12185,1
12187,1
12190,1
12191,1
12192,0
12193,1
12194,1
12195,1
12196,1
12197,0
12198,1
12200,1
12205,1
12206,1
12207,1
12212,1
12216,0
12218,0
12219,0
12222,0
12224,1
12226,1
12239,1
12240,1
12242,1
12247,1
12248,1
12263,1
12268,1
12272,1
12278,0
12287,1
12289,1
12299,1
12310,1
12312,1
12313,1
12314,1
12315,1
12327,1
12330,1
12336,1
12339,1
12347,1
12355,0
12359,1
12360,0
12362,1
12363,0
12364,0
12370,1
12374,1
12378,0
12387,0
12389,1
12391,1
12392,1
12393,1
12394,1
12397,1
12399,1
12400,1
12408,1
12409,1
12411,1
12423,1
12430,1
12433,1
12435,1
12445,1
12446,1
12451,1
12452,1
12453,1
12461,0
12463,1
12474,1
12479,0
12481,1
12486,0
12505,1
12508,0
12513,1
12517,1
12518,1
12522,0
12524,0
12525,1
12526,1
12529,1
12534,1
12536,1
12542,1
12551,1
12560,0
12561,0
12565,1
12566,1
12576,1
12579,1
12605,1
12607,1
12612,1
12616,1
12619,1
12620,1
12623,1
12627,1
12629,1
12632,0
12638,1
12640,0
12643,1
12645,1
12647,1
12654,1
12659,1
12660,1
12663,0
12665,1
12666,0
12668,1
12681,1
12686,1
12687,1
12692,1
12694,1
12695,1
12699,0
12700,1
12701,0
12704,0
12706,0
12710,1
12712,1
12717,1
12719,1
12730,1
12740,1
12745,1
12747,1
12749,0
12750,1
12752,1
12766,1
12770,1
12778,1
12779,0
12780,0
12781,0
12789,1
12792,0
12793,1
12797,0
12798,1
12801,0
12803,1
12805,1
12806,1
12808,0
12809,1
12810,1
12815,1
12819,1
12821,1
12823,1
12830,0
12831,1
12833,1
12834,1
12838,1
12840,1
12842,0
12846,1
12852,1
12855,0
12859,1
12864,1
12867,0
12870,1
12871,1
12874,0
12879,1
12880,1
12881,1
12894,1
12895,1
12896,1
12900,1
12902,1
12907,1
12908,1
12913,0
12914,1
12926,1
12935,1
12936,0
12941,1
12950,0
12952,0
12953,1
12954,1
12956,1
12959,1
12965,0
12969,0
12972,1
12976,1
12977,1
12983,1
12986,1
12996,1
12997,1
13014,1
13015,1
13019,1
13021,1
13024,0
13028,0
13040,1
13041,1
13042,1
13045,1
13058,0
13063,1
13066,1
13069,0
13070,0
13071,1
13075,0
13080,1
13083,1
13088,1
13089,1
13093,0
13097,1
13101,1
13102,1
13104,1
13106,1
13110,1
13111,0
13125,0
13126,1
13129,1
13144,0
13148,0
13151,0
13153,1
13162,1
13166,1
13176,1
13180,1
13182,0
13197,0
13198,1
13202,1
13205,0
13209,1
13213,1
13222,1
13223,0
13228,1
13229,1
13234,1
13238,1
13244,0
13249,1
13253,1
13255,1
13262,1
13266,1
13267,1
13268,1
13272,1
13274,1
13278,1
13286,1
13289,1
13294,1
13295,1
13298,1
13300,0
13301,1
13302,1
13311,1
13319,1
13324,1
13328,1
13332,1
13335,1
13338,1
13350,1
13352,1
13357,1
13358,1
13359,1
13360,0
13363,0
13364,1
13368,1
13372,1
13375,1
13377,0
13379,1
13380,1
13383,1
13389,1
13390,1
13393,0
13397,0
13400,1
13401,1
13402,1
13405,0
13406,1
13407,1
13408,1
13429,1
13431,1
13437,0
13452,1
13454,0
13463,0
13478,1
13479,0
13500,1
13511,1
13523,1
13525,1
13527,1
13529,1
13536,0
13539,0
13540,0
13541,1
13549,0
13552,1
13554,1
13556,1
13564,1
13568,1
13570,1
13571,0
13576,1
13586,0
13591,1
13599,0
13602,1
13610,1
13615,1
13621,1
13625,1
13632,1
13637,0
13643,0
13645,1
13646,0
13658,0
13670,0
13672,1
13678,0
13687,1
13698,1
13702,1
13704,1
13706,1
13720,1
13726,1
13729,1
13743,1
13746,1
13747,1
13749,1
13751,1
13753,1
13754,1
13757,0
13760,1
13762,1
13766,1
13776,1
13783,0
13785,1
13786,1
13787,0
13798,1
13816,1
13817,1
13819,1
13827,1
13831,1
13833,0
13834,1
13839,1
13841,1
13847,1
13860,1
13866,1
13871,1
13873,1
13874,1
13878,1
13879,1
13882,1
13883,1
13886,0
13889,1
13891,1
13892,1
13894,0
13896,0
13902,1
13904,1
13906,0
13909,1
13910,1
13913,1
13914,1
13922,1
13924,1
13928,1
13931,0
13934,1
13941,1
13943,1
13945,0
13946,1
13947,1
13972,1
13976,1
13987,1
13988,1
13997,0
13998,1
14004,1
14011,1
14013,1
14016,1
14023,1
14025,1
14028,1
14032,0
14038,1
14043,0
14045,1
14047,0
14053,0
14058,1
14065,1
14068,1
14079,1
14082,1
14083,1
14089,1
14093,1
14095,0
14100,1
14101,1
14102,1
14112,1
14115,1
14116,1
14120,0
14124,1
14132,1
14137,1
14138,0
14139,1
14147,1
14149,1
14152,0
14156,1
14170,1
14172,1
14175,1
14176,1
14178,1
14185,1
14191,1
14192,1
14195,1
14208,1
14216,1
14218,1
14227,1
14228,1
14233,1
14234,1
14237,1
14238,1
14240,1
14244,1
14247,1
14249,0
14256,1
14266,1
14268,1
14270,1
14274,0
14279,0
14281,1
14283,1
14285,1
14289,0
14290,0
14293,1
14294,1
14307,0
14310,1
14320,1
14324,1
14329,1
14347,1
14349,1
14359,1
14361,1
14362,1
14363,1
14366,1
14374,0
14375,0
14377,1
14379,1
14380,1
14391,0
14392,1
14406,0
14409,1
14410,1
14421,0
14424,1
14425,1
14426,1
14428,0
14429,0
14434,1
14439,1
14440,1
14442,1
14446,1
14448,1
14460,1
14467,1
14470,1
14471,1
14473,1
14474,0
14479,1
14488,1
14491,1
14496,1
14500,0
14501,1
14503,1
14510,1
14512,1
14515,0
14517,1
14518,1
14520,1
14524,1
14529,1
14534,1
14536,1
14537,1
14541,0
14542,1
14548,1
14565,1
14572,1
14574,1
14580,1
14582,1
14593,1
14600,1
14601,1
14606,1
14607,0
14608,1
14612,1
14613,0
14616,1
14626,1
14629,1
14634,0
14636,1
14639,1
14641,1
14646,0
14648,1
14650,1
14651,1
14657,1
14661,1
14663,1
14664,1
14668,1
14671,0
14673,1
14675,0
14676,1
14682,0
14683,1
14684,1
14689,1
14693,1
14694,1
14696,1
14698,0
14706,1
14715,1
14716,1
14720,1
14722,1
14735,0
14737,0
14745,1
14746,1
14748,1
14751,0
14753,1
14760,1
14769,1
14779,1
14780,1
14783,1
14787,1
14789,0
14790,0
14794,1
14798,1
14802,1
14808,1
14814,0
14817,1
14819,0
14828,1
14829,1
14834,1
14842,1
14846,1
14847,1
14850,0
14853,0
14863,1
14879,1
14883,1
14890,0
14894,1
14900,1
14909,1
14910,1
14911,0
14918,0
14933,1
14942,1
14944,1
14945,1
14947,1
14950,1
14952,1
14953,0
14955,1
14963,1
14964,1
14967,1
14968,0
14969,0
14970,1
14973,1
14979,0
14989,1
14995,0
14999,1
15000,0
15008,1
15011,1
15015,1
15019,1
15020,1
15023,1
15024,1
15027,0
15030,1
15031,0
15034,1
15036,1
15044,1
15050,1
15052,1
15062,1
15065,1
15066,1
15071,1
15072,0
15078,1
15080,1
15081,0
15087,0
15088,1
15089,1
15091,1
15092,0
15094,1
15097,0
15106,1
15112,0
15116,1
15120,1
15121,0
15124,0
15128,1
15137,1
15140,1
15142,1
15144,1
15146,0
15154,1
15163,1
15164,1
15194,1
15199,1
15202,0
15204,1
15209,1
15224,1
15226,1
15229,1
15232,0
15238,1
15239,1
15240,1
15241,1
15249,1
15256,1
15265,1
15268,1
15271,1
15280,1
15281,1
15282,1
15283,0
15284,1
15288,1
15292,1
15297,0
15306,1
15310,1
15314,1
15316,1
15317,1
15319,1
15320,1
15322,0
15325,0
15331,1
15332,0
15337,1
15339,1
15343,1
15347,1
15351,1
15354,1
15358,1
15359,1
15360,1
15362,1
15364,1
15372,1
15375,0
15376,1
15380,1
15384,0
15390,1
15396,1
15403,0
15407,1
15409,1
15411,1
15412,1
15413,1
15414,1
15424,1
15427,0
15431,1
15436,1
15453,1
15454,1
15458,1
15464,1
15466,1
15468,0
15470,1
15473,1
15474,0
15478,1
15489,0
15493,1
15496,1
15499,1
15506,0
15513,1
15517,1
15518,1
15522,1
15523,1
15532,1
15533,0
15534,0
15535,1
15537,1
15547,1
15549,1
15555,1
15564,0
15572,1
15573,1
15575,0
15584,1
15589,1
15590,0
15595,0
15600,1
15601,1
15605,0
15607,1
15616,1
15622,1
15624,1
15627,0
15631,0
15635,1
15638,1
15642,1
15643,1
15644,0
15652,1
15659,0
15665,1
15671,1
15673,0
15674,1
15675,1
15678,1
15679,1
15684,0
15686,0
15692,1
15693,1
15694,1
15701,1
15704,1
15705,0
15706,1
15709,1
15710,1
15711,0
15712,1
15715,0
15718,1
15720,1
15721,1
15731,1
15732,1
15735,1
15738,0
15753,1
15755,1
15758,1
15759,0
15761,0
15765,1
15766,1
15773,0
15786,1
15787,0
15790,0
15792,1
15793,1
15795,1
15797,1
15807,1
15813,1
15817,1
15821,0
15829,1
15833,0
15841,1
15845,0
15855,1
15856,0
15859,1
15860,1
15865,1
15868,0
15874,1
15880,1
15881,1
15882,1
15884,1
15887,1
15889,0
15894,1
15897,1
15902,1
15908,1
15912,1
15913,1
15915,1
15917,1
15918,1
15928,1
15932,0
15933,1
15937,1
15941,1
15944,1
15945,1
15946,1
15948,1
15950,1
15951,1
15952,1
15965,1
15973,0
15974,1
15975,1
15976,1
15983,1
15985,0
15988,1
15999,1
16001,1
16012,1
16016,0
16020,1
16024,0
16028,0
16030,1
16031,1
16035,1
16039,1
16042,1
16046,1
16048,1
16050,0
16058,1
16059,0
16060,1
16062,1
16063,1
16067,1
16071,1
16072,1
16077,1
16080,1
16084,1
16086,1
16090,1
16092,1
16101,0
16102,1
16104,1
16108,1
16118,1
16119,1
16123,1
16125,0
16137,1
16140,0
16145,1
16156,1
16158,1
16159,1
16162,1
16164,1
16166,1
16175,1
16176,1
16177,1
16182,1
16195,1
16196,1
16200,1
16201,1
16206,1
16210,1
16212,1
16218,1
16219,1
16221,1
16228,1
16233,1
16239,1
16240,1
16248,1
16257,1
16259,1
16260,1
16267,1
16268,1
16270,1
16272,0
16274,1
16280,1
16286,0
16291,1
16294,1
16296,1
16300,1
16301,0
16303,1
16306,1
16308,1
16309,1
16311,0
16316,0
16323,0
16331,1
16335,1
16340,1
16352,1
16353,1
16357,1
16358,1
16361,1
16362,1
16365,1
16376,1
16379,1
16396,1
16397,0
16400,1
16410,1
16412,0
16427,1
16429,1
16430,0
16431,1
16432,1
16433,1
16434,1
16437,0
16438,1
16442,1
16448,1
16450,1
16451,1
16452,0
16453,1
16455,1
16457,1
16463,1
16464,0
16466,1
16467,0
16469,0
16472,1
16481,1
16487,1
16491,1
16504,1
16508,0
16515,1
16518,1
16519,1
16521,0
16523,1
16524,1
16528,0
16531,1
16540,0
16541,1
16547,0
16549,1
16551,0
16553,0
16555,0
16562,0
16564,1
16569,1
16570,1
16573,0
16575,1
16578,1
16579,1
16584,1
16586,0
16587,1
16590,1
16592,1
16598,1
16607,1
16608,1
16610,0
16613,1
16615,1
16617,1
16621,1
16622,0
16626,1
16629,1
16631,1
16636,1
16638,1
16643,0
16645,1
16647,1
16651,1
16652,1
16656,0
16658,1
16662,1
16666,1
16673,1
16675,1
16678,0
16679,1
16688,0
16689,1
16697,1
16711,1
16718,1
16722,1
16723,1
16726,1
16737,0
16754,1
16756,1
16758,1
16769,1
16776,1
16791,1
16799,1
16803,1
16804,1
16805,0
16808,1
16809,1
16813,1
16815,1
16816,1
16818,1
16829,1
16834,1
16835,0
16837,0
16841,1
16843,1
16848,1
16849,1
16851,1
16862,1
16864,0
16873,1
16876,1
16882,1
16884,1
16891,1
16892,1
16895,1
16896,1
16902,0
16903,1
16905,1
16908,1
16916,1
16922,1
16925,1
16942,0
16943,1
16944,1
16947,0
16950,1
16951,1
16957,1
16958,0
16960,1
16961,0
16966,1
16967,1
16968,0
16969,0
16973,1
16975,1
16978,1
16984,1
16986,1
16989,1
16991,1
17000,1
17001,1
17004,1
17006,1
17008,0
17010,1
17017,0
17020,1
17021,1
17022,1
17023,1
17027,0
17032,0
17034,1
17038,1
17044,0
17045,0
17046,1
17048,1
17052,1
17054,1
17056,1
17066,1
17072,1
17074,1
17080,1
17082,1
17088,1
17094,0
17096,1
17110,0
17113,1
17115,1
17122,1
17125,1
17135,0
17143,1
17144,1
17148,1
17149,1
17150,1
17152,1
17154,1
17163,1
17164,1
17169,1
17189,1
17192,1
17194,0
17196,1
17202,1
17203,1
17214,1
17215,1
17218,0
17223,1
17225,1
17235,0
17241,1
17245,1
17250,1
17252,1
17258,1
17261,1
17262,1
17265,0
17266,1
17267,1
17270,1
17275,0
17282,1
17285,1
17298,1
17303,1
17311,1
17331,1
17336,1
17339,1
17348,0
17350,1
17356,1
17359,0
17360,1
17361,1
17363,0
17366,1
17370,1
17373,1
17378,1
17390,0
17393,1
17395,0
17396,0
17401,1
17405,1
17407,1
17412,1
17422,1
17431,1
17438,0
17439,1
17448,1
17449,1
17450,1
17452,0
17464,1
17467,1
17469,1
17471,0
17473,1
17477,1
17483,1
17489,1
17492,1
17493,1
17495,1
17500,1
17503,1
17505,1
17507,1
17510,1
17512,1
17525,1
17532,1
17538,1
17544,1
17551,0
17560,1
17561,0
17572,1
17574,1
17575,1
17577,0
17579,0
17580,1
17594,1
17597,0
17602,1
17603,1
17606,0
17612,1
17613,1
17623,1
17627,1
17628,1
17631,1
17637,1
17638,1
17652,1
17658,1
17659,1
17661,1
17662,1
17668,1
17673,1
17677,0
17679,1
17681,1
17682,1
17687,1
17688,0
17691,1
17693,1
17695,1
17698,1
17700,1
17708,1
17711,0
17714,0
17719,1
17730,0
17731,1
17734,1
17738,1
17739,1
17740,1
17745,1
17747,1
17752,1
17755,0
17757,1
17762,1
17770,0
17772,1
17777,1
17780,1
17782,0
17786,0
17788,0
17795,1
17807,1
17810,1
17813,1
17816,1
17817,1
17818,0
17820,1
17821,1
17828,1
17829,0
17832,1
17833,1
17838,1
17842,1
17854,1
17859,0
17866,1
17868,1
17869,1
17870,1
17871,0
17875,1
17876,0
17884,1
17885,1
17887,0
17888,1
17893,1
17894,1
17896,1
17898,1
17911,1
17918,0
17926,1
17934,0
17936,1
17940,1
17941,1
17944,0
17952,1
17960,1
17962,1
17970,0
17971,1
17974,0
17975,1
17976,1
17979,1
17991,1
17994,1
17998,0
18001,1
18002,1
18004,1
18006,1
18010,0
18017,1
18019,0
18022,1
18024,1
18030,1
18034,0
18038,1
18041,1
18043,1
18044,1
18053,1
18056,1
18057,1
18064,1
18072,1
18088,1
18092,1
18095,1
18100,0
18105,1
18106,0
18111,0
18114,0
18122,1
18124,0
18125,1
18128,0
18131,1
18155,1
18160,1
18161,0
18162,1
18166,1
18169,1
18179,1
18182,1
18191,1
18193,1
18194,0
18199,0
18202,1
18203,1
18207,1
18208,1
18214,1
18222,1
18225,1
18233,1
18239,1
18240,0
18247,1
18250,1
18251,0
18255,1
18257,0
18266,1
18267,1
18272,1
18284,0
18289,1
18298,1
18304,1
18306,0
18314,1
18316,1
18321,1
18331,1
18336,1
18339,1
18346,1
18348,0
18355,1
18359,1
18360,1
18364,1
18376,1
18378,1
18380,1
18385,1
18387,1
18390,1
18403,0
18404,0
18406,0
18407,1
18409,1
18417,1
18419,0
18420,1
18424,1
18427,1
18429,1
18432,1
18435,0
18440,1
18442,1
18443,0
18446,0
18453,1
18455,1
18460,1
18462,1
18463,1
18468,1
18478,1
18480,0
18481,1
18482,1
18489,1
18490,1
18496,1
18498,0
18511,1
18513,1
18514,1
18516,1
18518,1
18519,0
18522,1
18525,1
18527,1
18538,1
18540,1
18546,1
18548,1
18555,0
18559,1
18563,1
18576,1
18579,1
18591,1
18594,1
18605,1
18607,1
18608,1
18610,0
18618,1
18625,1
18627,1
18630,1
18633,0
18637,1
18643,1
18654,1
18658,1
18660,1
18671,1
18672,1
18674,1
18675,1
18683,1
18685,1
18689,1
18694,1
18695,1
18696,0
18698,1
18701,1
18705,1
18708,1
18715,1
18721,1
18731,1
18734,1
18735,1
18738,1
18743,1
18745,1
18746,1
18748,1
18755,0
18757,1
18764,1
18769,1
18770,1
18784,1
18792,0
18794,0
18795,1
18797,1
18813,1
18822,0
18827,1
18828,1
18832,1
18835,1
18836,1
18837,1
18840,1
18842,0
18843,1
18846,1
18848,1
18853,1
18855,1
18856,1
18858,0
18864,1
18866,1
18868,1
18872,1
18877,0
18878,1
18880,0
18881,1
18884,1
18886,1
18887,1
18888,0
18890,1
18891,1
18893,1
18899,1
18901,1
18905,1
18906,1
18909,1
18918,1
18919,0
18934,1
18944,1
18948,0
18951,1
18955,1
18957,0
18959,1
18961,1
18963,1
18964,0
18969,0
18979,1
18982,1
18987,1
18988,1
18989,1
18993,1
18997,0
18999,1
19015,1
19018,1
19026,1
19027,0
19029,1
19030,1
19031,1
19041,1
19044,1
19046,1
19047,1
19050,1
19051,0
19055,1
19060,1
19061,1
19080,0
19086,0
19091,1
19095,1
19097,1
19099,1
19100,1
19101,0
19105,1
19107,1
19108,1
19112,0
19117,1
19120,0
19127,0
19130,1
19143,0
19145,1
19153,1
19154,1
19160,0
19168,1
19170,0
19173,1
19175,1
19176,1
19182,1
19189,1
19192,1
19195,1
19196,1
19202,1
19203,1
19208,0
19210,1
19211,1
19219,1
19221,1
19224,1
19226,1
19230,1
19237,1
19238,1
19245,0
19248,1
19250,1
19252,1
19262,1
19263,1
19264,1
19265,1
19269,0
19277,1
19291,1
19292,1
19297,1
19302,0
19303,1
19306,1
19308,0
19312,0
19313,1
19315,1
19316,1
19318,0
19319,1
19326,1
19332,0
19335,1
19337,0
19341,1
19342,0
19351,1
19352,1
19354,1
19358,0
19363,1
19368,1
19369,1
19373,1
19384,0
19395,1
19401,1
19402,1
19403,1
19409,0
19411,0
19416,1
19420,1
19423,1
19426,1
19429,1
19444,1
19445,0
19449,0
19460,1
19462,1
19463,1
19466,1
19473,1
19475,1
19476,1
19477,1
19478,1
19479,1
19487,0
19495,0
19507,1
19513,1
19520,1
19521,0
19523,0
19528,1
19530,0
19534,1
19537,1
19539,1
19541,1
19542,0
19545,0
19556,0
19560,0
19561,0
19562,1
19571,1
19573,1
19574,0
19584,1
19588,0
19589,0
19593,1
19594,1
19598,1
19601,1
19606,0
19609,1
19612,0
19613,1
19615,0
19616,1
19619,0
19631,1
19632,1
19633,1
19634,0
19638,1
19640,1
19646,1
19648,0
19650,1
19652,1
19658,1
19663,1
19668,1
19670,0
19676,1
19683,0
19689,1
19690,1
19691,1
19695,1
19701,1
19703,1
19713,1
19714,1
19720,1
19722,1
19727,1
19728,1
19735,0
19745,1
19746,1
19752,1
19762,0
19768,1
19773,1
19782,0
19785,1
19788,0
19790,1
19792,0
19797,0
19801,0
19802,1
19808,1
19809,1
19814,1
19815,1
19819,1
19826,1
19832,1
19838,0
19847,0
19861,1
19869,1
19873,1
19878,0
19881,1
19882,1
19884,0
19886,1
19891,1
19900,1
19901,1
19903,1
19917,1
19932,0
19934,0
19940,1
19947,0
19953,1
19965,1
19973,1
19979,1
19981,1
19982,1
19983,1
19984,0
19987,1
19997,1
20002,1
20005,0
20006,1
20009,1
20024,1
20028,1
20031,1
20034,1
20036,1
20049,1
20050,1
20051,1
20058,1
20062,1
20063,1
20076,1
20084,1
20085,1
20087,1
20092,1
20093,1
20094,1
20099,1
20106,1
20107,1
20108,1
20111,0
20113,0
20116,1
20124,1
20137,1
20138,1
20142,1
20149,1
20150,1
20152,1
20154,1
20159,1
20164,1
20165,0
20166,0
20167,0
20168,0
20173,1
20184,1
20189,1
20190,1
20191,1
20195,1
20203,1
20205,1
20209,1
20210,1
20214,1
20215,1
20217,0
20218,1
20224,1
20231,0
20233,1
20236,0
20237,0
20240,1
20246,1
20248,1
20255,1
20256,1
20258,1
20259,0
20261,1
20272,0
20275,1
20278,1
20281,1
20284,1
20287,1
20294,1
20297,1
20298,1
20303,1
20305,1
20308,1
20309,1
20313,1
20318,1
20327,1
20331,1
20334,1
20336,1
20339,1
20341,1
20342,0
20343,1
20345,0
20347,0
20349,1
20351,1
20354,1
20358,1
20364,1
20367,1
20369,1
20373,0
20378,1
20381,0
20390,1
20394,1
20395,0
20403,1
20409,1
20412,1
20415,0
20418,1
20423,0
20426,1
20430,1
20441,1
20443,1
20446,1
20456,1
20457,0
20464,1
20466,1
20468,1
20471,1
20472,0
20474,1
20482,1
20486,1
20489,1
20490,1
20494,1
20506,1
20511,1
20519,1
20520,1
20527,1
20528,1
20538,1
20539,1
20544,1
20550,1
20551,1
20552,1
20558,1
20568,1
20575,1
20577,1
20578,1
20581,1
20585,1
20586,1
20587,1
20592,1
20594,1
20597,0
20602,1
20603,1
20610,1
20613,1
20615,1
20617,1
20618,1
20623,1
20629,1
20630,0
20633,0
20636,0
20640,1
20646,1
20650,1
20651,1
20654,1
20656,1
20658,1
20661,1
20663,1
20667,1
20669,1
20670,1
20677,1
20682,1
20684,1
20686,1
20687,1
20694,0
20704,1
20708,1
20711,1
20713,1
20719,0
20725,1
20729,0
20732,1
20733,1
20738,0
20743,1
20744,1
20748,1
20750,1
20753,1
20771,0
20773,1
20777,1
20781,1
20783,1
20787,1
20796,1
20797,1
20798,1
20799,1
20800,1
20808,1
20810,1
20812,1
20822,1
20827,1
20830,0
20832,0
20836,1
20848,1
20862,1
20864,1
20865,1
20868,1
20869,1
20871,1
20875,1
20881,1
20888,1
20889,0
20893,1
20900,1
20901,1
20902,1
20912,0
20918,1
20919,1
20921,0
20923,1
20925,0
20929,1
20933,0
20936,0
20940,0
20946,1
20954,0
20960,1
20964,1
20967,1
20971,1
20973,0
20982,1
20991,0
20993,1
21000,0
21005,1
21006,1
21008,1
21011,0
21015,1
21016,1
21017,0
21021,1
21022,1
21023,1
21024,1
21025,1
21029,1
21030,1
21031,0
21037,1
21040,1
21044,1
21047,1
21048,0
21049,1
21051,0
21053,1
21062,1
21067,1
21069,1
21076,1
21080,0
21096,0
21097,1
21101,1
21109,1
21112,1
21116,1
21117,1
21118,0
21119,1
21122,1
21126,1
21129,1
21130,1
21139,1
21145,1
21150,1
21152,0
21164,0
21170,0
21191,1
21192,0
21202,1
21205,1
21211,1
21212,0
21217,1
21218,1
21221,0
21222,1
21223,1
21233,0
21235,1
21238,1
21241,1
21252,1
21254,1
21257,1
21260,1
21268,1
21271,1
21275,1
21279,1
21280,0
21283,1
21290,1
21291,1
21292,1
21297,0
21299,0
21300,1
21306,1
21308,1
21314,1
21316,1
21319,1
21325,0
21328,1
21333,0
21347,1
21349,1
21351,1
21354,0
21357,0
21361,1
21362,1
21368,1
21374,1
21375,1
21377,1
21378,1
21379,1
21380,0
21381,1
21390,1
21395,1
21399,1
21400,1
21411,1
21413,1
21418,1
21426,1
21429,1
21438,1
21439,0
21444,0
21445,1
21451,1
21457,0
21461,1
21462,1
21465,0
21466,1
21472,1
21478,0
21483,1
21484,1
21485,0
21486,1
21487,1
21492,0
21494,1
21498,1
21501,1
21502,1
21513,1
21516,1
21519,1
21520,1
21521,1
21530,0
21531,1
21536,0
21537,1
21549,0
21554,1
21555,1
21557,1
21559,0
21566,1
21568,1
21573,0
21587,1
21588,0
21589,1
21590,1
21595,1
21617,1
21619,1
21620,1
21625,1
21629,1
21638,1
21640,0
21642,1
21643,0
21656,1
21657,0
21667,0
21673,0
21677,0
21678,1
21679,1
21680,1
21681,1
21682,0
21684,1
21688,1
21690,1
21706,1
21711,0
21715,1
21718,1
21728,1
21729,1
21730,0
21733,0
21735,1
21738,0
21742,1
21748,1
21750,1
21757,0
21759,1
21764,1
21767,1
21778,1
21789,1
21797,1
21799,1
21803,0
21809,1
21810,1
21811,1
21812,1
21813,1
21814,1
21815,1
21819,1
21826,1
21828,1
21829,0
21833,1
21838,1
21841,0
21845,1
21847,1
21850,1
21853,0
21859,0
21860,1
21862,1
21864,0
21870,0
21871,0
21874,1
21876,1
21877,1
21880,1
21884,1
21886,1
21890,1
21891,0
21892,1
21898,1
21904,1
21905,1
21906,1
21913,1
21916,0
21922,1
21923,1
21930,1
21931,1
21934,1
21938,1
21939,1
21949,1
21961,1
21966,1
21970,1
21976,1
21978,1
21982,1
21985,1
21992,1
21994,0
21995,0
22001,1
22006,1
22008,1
22009,1
22011,1
22015,1
22021,1
22023,1
22028,1
22029,0
22034,0
22038,1
22043,1
22053,1
22054,1
22063,0
22065,1
22066,1
22067,1
22070,0
22072,0
22075,1
22077,1
22080,0
22081,1
22084,1
22087,1
22088,0
22089,1
22091,1
22092,1
22095,0
22097,1
22099,1
22102,1
22103,1
22106,1
22108,1
22113,0
22116,1
22123,1
22124,1
22126,0
22127,1
22136,1
22137,0
22141,1
22142,1
22143,1
22148,1
22150,1
22155,1
22160,0
22161,1
22163,1
22164,0
22170,1
22171,1
22174,0
22177,1
22178,1
22185,1
22192,1
22193,1
22195,1
22199,1
22201,0
22203,1
22211,0
22218,1
22220,0
22221,1
22226,1
22231,1
22234,1
22238,1
22239,1
22250,0
22251,1
22253,0
22258,1
22262,1
22263,1
22268,1
22269,0
22275,1
22280,0
22282,1
22285,1
22297,1
22315,1
22317,1
22318,1
22320,1
22322,0
22340,1
22343,1
22352,1
22353,0
22359,1
22361,1
22369,1
22370,1
22372,1
22375,1
22379,1
22380,1
22384,0
22393,1
22394,1
22396,1
22402,1
22404,1
22406,1
22408,1
22409,0
22415,1
22420,1
22425,0
22427,1
22428,1
22430,1
22433,1
22437,0
22445,1
22451,0
22453,1
22458,1
22464,1
22477,1
22479,1
22480,1
22481,1
22491,1
22495,1
22497,1
22500,1
22502,1
22505,1
22507,1
22509,1
22510,1
22511,1
22514,0
22519,1
22521,0
22524,0
22525,1
22526,1
22530,1
22533,1
22536,0
22539,1
22541,1
22544,0
22548,1
22549,1
22554,1
22558,1
22567,1
22571,0
22573,1
22574,1
22579,1
22583,1
22585,1
22586,1
22587,1
22588,1
22589,1
22594,1
22597,1
22600,1
22602,1
22603,1
22606,1
22610,1
22612,0
22615,0
22619,1
22620,0
22622,1
22628,1
22631,1
22632,1
22636,0
22637,1
22652,1
22656,1
22657,1
22658,0
22659,1
22660,0
22661,1
22663,1
22665,1
22675,1
22676,1
22678,1
22686,1
22688,0
22689,0
22698,1
22703,1
22708,1
22719,1
22720,1
22728,1
22731,1
22732,1
22738,1
22747,1
22749,1
22754,1
22757,1
22758,1
22759,0
22763,1
22765,0
22769,1
22775,1
22781,0
22787,0
22788,1
22797,1
22799,1
22803,0
22806,1
22809,1
22814,1
22815,1
22826,1
22828,1
22833,1
22839,1
22840,1
22851,1
22855,1
22858,1
22861,1
22868,1
22869,1
22870,1
22875,1
22879,1
22881,1
22882,0
22886,1
22887,1
22889,0
22893,1
22895,1
22899,1
22901,1
22903,1
22910,0
22911,1
22915,1
22916,1
22918,1
22921,0
22923,0
22926,1
22935,1
22940,1
22942,0
22943,0
22944,1
22950,0
22959,1
22963,1
22964,1
22965,1
22969,1
22979,1
22983,0
22984,1
22989,1
22992,1
22995,1
22997,1
22999,1
23003,0
23004,1
23007,1
23011,1
23019,1
23020,1
23025,1
23026,1
23029,0
23032,1
23033,1
23035,1
23041,0
23042,0
23044,1
23045,0
23046,1
23049,1
23051,1
23052,1
23055,1
23059,1
23060,1
23069,1
23070,1
23085,1
23086,1
23090,0
23100,1
23107,1
23119,1
23120,1
23125,1
23127,1
23136,1
23141,1
23142,0
23145,1
23151,1
23152,1
23154,0
23157,1
23161,1
23168,0
23170,1
23171,1
23172,0
23173,0
23175,0
23187,1
23190,1
23194,1
23199,0
23205,1
23206,1
23209,1
23218,1
23229,1
23233,1
23236,1
23237,1
23238,1
23240,1
23241,0
23247,1
23271,1
23279,1
23280,1
23281,1
23286,1
23298,1
23303,1
23307,1
23309,1
23311,1
23312,1
23314,1
23318,1
23320,1
23329,1
23334,1
23335,0
23337,1
23340,1
23342,1
23343,1
23345,0
23349,1
23357,0
23365,0
23368,1
23370,1
23372,1
23378,1
23380,1
23382,0
23384,0
23389,0
23392,1
23393,0
23394,1
23395,1
23399,0
23400,1
23401,1
23408,0
23421,0
23435,1
23438,1
23445,1
23448,1
23449,1
23456,1
23457,1
23465,0
23468,1
23469,1
23470,0
23472,1
23475,1
23479,1
23483,1
23484,0
23489,0
23490,1
23491,0
23492,1
23495,1
23496,0
23499,0
23505,1
23510,1
23519,1
23520,1
23529,0
23535,1
23540,1
23552,1
23555,1
23557,1
23559,1
23564,1
23565,1
23568,0
23571,1
23572,1
23574,1
23576,1
23584,0
23586,0
23588,1
23590,0
23591,1
23592,1
23599,1
23601,1
23606,1
23613,1
23621,1
23622,1
23626,1
23632,1
23644,1
23646,1
23655,1
23661,1
23662,1
23663,1
23665,1
23670,1
23673,1
23674,1
23681,0
23689,0
23690,1
23692,1
23698,1
23705,1
23706,1
23720,1
23723,1
23736,1
23738,1
23741,1
23742,1
23743,1
23748,1
23755,0
23758,1
23776,1
23781,1
23782,1
23783,1
23786,1
23790,1
23796,1
23797,0
23803,1
23814,1
23817,1
23821,1
23824,1
23829,1
23832,0
23834,1
23840,0
23842,1
23845,0
23850,1
23855,0
23857,1
23860,1
23861,0
23862,1
23867,1
23868,1
23869,1
23870,0
23878,1
23883,0
23888,1
23889,0
23895,1
23899,1
23900,1
23905,1
23909,1
23911,1
23914,1
23918,1
23922,1
23923,1
23929,1
23936,1
23938,0
23942,1
23945,0
23948,1
23960,1
23963,0
23966,0
23967,0
23970,0
23974,1
23983,1
23986,1
23993,1
23994,0
24000,1
24004,0
24010,1
24022,0
24023,0
24026,0
24029,1
24030,1
24033,1
24034,1
24035,1
24040,1
24041,0
24042,1
24045,1
24047,1
24050,0
24054,1
24056,1
24057,1
24058,1
24063,0
24069,1
24071,0
24073,1
24074,1
24080,0
24086,0
24093,1
24095,0
24108,1
24111,0
24117,0
24118,1
24122,1
24130,1
24133,1
24134,1
24136,1
24138,1
24141,1
24147,1
24148,1
24149,1
24151,1
24155,0
24165,1
24175,1
24187,0
24188,1
24193,1
24201,0
24203,1
24207,1
24216,0
24218,1
24219,0
24221,1
24229,0
24239,1
24245,1
24250,1
24252,1
24253,1
24255,0
24258,1
24259,1
24268,1
24270,0
24274,1
24276,1
24277,1
24282,1
24285,0
24298,1
24303,1
24306,1
24311,0
24314,1
24317,1
24329,1
24332,0
24335,1
24336,0
24340,1
24341,0
24342,1
24344,1
24347,0
24349,1
24362,1
24364,1
24368,0
24370,1
24372,0
24373,1
24377,0
24382,1
24386,0
24390,0
24394,1
24397,1
24399,1
24402,1
24404,1
24412,1
24415,0
24425,0
24426,1
24437,1
24439,1
24444,1
24449,1
24450,1
24453,1
24456,1
24461,0
24462,1
24467,1
24471,1
24472,1
24476,1
24479,1
24483,1
24490,1
24492,1
24494,1
24497,0
24498,1
24501,1
24502,1
24505,1
24512,0
24514,0
24516,0
24518,1
24520,1
24521,1
24526,1
24528,0
24539,1
24542,1
24543,1
24545,0
24546,1
24550,0
24554,1
24559,1
24562,0
24566,1
24577,0
24580,1
24584,1
24590,1
24608,1
24612,1
24615,1
24623,0
24625,1
24627,0
24628,1
24630,0
24634,0
24636,1
24640,0
24647,1
24653,1
24657,1
24658,0
24663,0
24665,1
24669,1
24674,0
24678,1
24680,1
24684,1
24697,1
24698,1
24699,1
24701,1
24703,0
24709,1
24710,1
24716,0
24717,0
24718,1
24730,1
24732,0
24735,1
24736,1
24738,1
24742,1
24745,1
24750,0
24758,1
24760,1
24761,1
24764,1
24778,1
24781,0
24789,1
24790,1
24797,1
24802,1
24803,1
24805,1
24816,0
24823,1
24824,1
24826,0
24838,1
24840,1
24847,1
24852,0
24853,1
24858,1
24862,1
24868,1
24874,1
24877,0
24878,1
24880,1
24882,1
24884,1
24885,1
24891,1
24892,1
24904,1
24905,1
24906,1
24908,0
24912,1
24913,1
24916,1
24917,0
24924,0
24925,1
24928,1
24932,1
24938,1
24949,0
24954,1
24965,1
24967,0
24970,0
24979,1
24985,1
24997,0
24998,0
25001,1
25003,1
25007,1
25012,1
25020,0
25028,1
25033,1
25042,1
25043,1
25044,1
25055,1
25062,1
25064,1
25065,1
25068,1
25072,1
25073,1
25074,1
25075,1
25077,0
25079,1
25082,1
25083,1
25086,1
25087,1
25092,1
25096,0
25098,1
25106,1
25107,1
25109,1
25111,1
25114,0
25121,1
25128,0
25133,0
25134,1
25135,1
25137,1
25138,1
25140,1
25143,1
25156,1
25170,1
25171,1
25175,0
25177,1
25192,1
25201,1
25209,1
25217,1
25219,1
25222,1
25225,1
25228,1
25234,1
25236,1
25238,1
25240,1
25246,0
25247,0
25252,1
25255,0
25257,1
25258,1
25259,1
25262,1
25268,1
25269,1
25271,1
25272,1
25275,1
25277,0
25282,0
25283,1
25289,1
25302,1
25305,1
25310,1
25312,0
25314,1
25318,1
25322,1
25326,0
25333,1
25337,0
25346,1
25347,0
25351,1
25355,0
25359,0
25360,0
25362,0
25363,1
25365,1
25372,1
25374,1
25375,1
25377,0
25383,1
25385,1
25388,1
25392,1
25396,0
25400,0
25402,0
25406,0
25410,1
25412,0
25413,1
25414,1
25415,1
25416,1
25429,1
25438,1
25441,1
25446,1
25455,1
25458,0
25459,1
25461,0
25462,1
25471,1
25473,1
25475,1
25479,1
25485,1
25488,1
25491,1
25504,1
25505,1
25507,1
25512,0
25513,0
25517,1
25521,1
25528,0
25534,1
25536,1
25537,1
25538,1
25539,1
25542,1
25547,0
25553,1
25570,1
25579,1
25581,1
25582,0
25585,1
25586,1
25591,1
25596,1
25598,1
25602,1
25603,1
25604,1
25608,1
25622,1
25623,1
25630,1
25637,1
25638,1
25645,1
25663,1
25668,0
25669,0
25671,1
25681,1
25690,1
25691,1
25697,1
25699,1
25700,1
25704,1
25706,1
25708,0
25709,1
25717,1
25719,1
25723,1
25726,1
25728,1
25729,1
25736,1
25742,0
25749,1
25753,1
25756,1
25760,0
25763,1
25767,1
25768,1
25773,1
25777,0
25781,0
25784,1
25785,1
25791,1
25798,1
25802,1
25804,0
25807,1
25809,1
25815,0
25827,1
25828,1
25835,1
25836,1
25837,1
25846,1
25848,0
25853,1
25854,1
25855,1
25860,0
25861,1
25866,1
25867,0
25873,1
25881,0
25885,1
25890,1
25891,0
25897,1
25901,1
25909,1
25920,1
25928,0
25929,1
25932,1
25938,1
25939,0
25955,0
25957,1
25960,1
25962,0
25963,0
25964,1
25966,1
25969,1
25970,1
25974,0
25975,1
25979,1
25981,1
25985,0
25986,1
25993,1
25995,1
25996,1
26019,0
26021,1
26022,1
26023,1
26040,1
26043,0
26045,0
26053,1
26059,0
26061,1
26062,1
26074,1
26076,1
26080,1
26088,1
26089,1
26090,0
26095,1
26096,1
26102,0
26104,1
26105,0
26111,0
26112,1
26114,1
26117,0
26118,1
26120,0
26121,1
26123,1
26125,1
26128,1
26140,1
26142,1
26147,1
26156,1
26158,1
26161,1
26166,1
26168,1
26171,1
26175,1
26177,1
26178,0
26179,1
26180,1
26186,1
26189,1
26192,1
26203,1
26214,0
26215,1
26217,1
26226,1
26227,0
26229,0
26234,1
26237,1
26238,1
26242,1
26246,1
26248,0
26253,1
26255,1
26261,1
26262,1
26263,1
26276,1
26277,1
26289,0
26291,1
26297,1
26306,1
26307,1
26309,1
26311,1
26314,1
26315,1
26319,1
26320,0
26325,0
26333,1
26337,1
26350,1
26351,1
26352,1
26353,0
26356,0
26358,1
26362,1
26366,1
26369,0
26373,1
26382,1
26384,1
26386,1
26390,1
26396,0
26407,0
26410,0
26412,1
26417,1
26420,1
26421,1
26422,0
26426,1
26428,1
26442,1
26444,1
26448,1
26453,1
26455,1
26457,1
26459,1
26461,1
26463,1
26469,1
26472,1
26474,1
26475,1
26476,1
26482,1
26488,1
26499,1
26505,1
26510,1
26518,1
26522,1
26524,1
26526,0
26528,1
26536,1
26544,1
26546,1
26552,1
26556,1
26561,1
26564,1
26566,1
26573,1
26587,1
26589,1
26591,1
26599,1
26602,0
26606,1
26607,1
26614,0
26622,0
26623,1
26624,1
26625,1
26629,1
26631,1
26638,1
26643,0
26645,0
26647,1
26649,1
26650,0
26654,1
26656,1
26664,1
26665,1
26674,0
26677,1
26691,1
26694,0
26696,1
26697,1
26698,1
26702,1
26705,1
26708,1
26710,1
26719,0
26723,1
26730,1
26739,1
26740,1
26742,0
26743,1
26757,0
26759,0
26760,0
26761,0
26764,1
26765,1
26767,1
26769,1
26772,1
26773,1
26774,1
26776,1
26780,1
26783,1
26785,1
26787,0
26790,1
26792,1
26800,1
26806,1
26808,1
26809,1
26811,0
26817,1
26834,1
26837,0
26843,1
26844,1
26846,1
26851,1
26852,1
26865,1
26869,1
26871,0
26872,1
26873,1
26875,0
26877,1
26879,1
26881,1
26882,1
26883,1
26885,1
26886,0
26888,1
26889,1
26893,0
26895,0
26900,1
26927,0
26928,1
26933,0
26936,0
26938,1
26944,1
26950,0
26952,0
26954,1
26957,1
26963,1
26965,1
26966,1
26967,0
26968,0
26970,1
26974,0
26976,1
26979,1
26983,0
26993,1
26994,0
26995,1
26996,1
26997,1
26999,1
27000,0
27006,0
27007,1
27010,1
27016,1
27021,0
27029,1
27031,0
27034,1
27043,1
27051,0
27052,1
27053,1
27055,1
27064,1
27070,0
27074,1
27075,0
27077,1
27080,1
27081,1
27083,0
27088,1
27097,1
27103,1
27111,1
27113,1
27125,0
27126,1
27130,0
27131,1
27132,1
27133,1
27137,1
27146,0
27150,1
27157,1
27162,1
27164,0
27165,1
27166,1
27169,1
27177,1
27178,1
27180,1
27181,1
27184,1
27185,1
27190,0
27192,1
27196,1
27197,1
27200,1
27204,0
27207,1
27218,1
27225,1
27226,0
27227,0
27228,1
27229,1
27234,1
27241,1
27248,1
27261,1
27262,1
27264,1
27265,1
27267,1
27268,1
27271,0
27288,1
27291,1
27293,1
27294,0
27299,1
27302,0
27309,0
27313,1
27314,0
27316,1
27318,1
27325,1
27328,1
27336,1
27343,0
27344,1
27347,1
27348,1
27350,1
27352,1
27356,0
27358,1
27359,1
27369,1
27370,0
27371,1
27383,1
27388,1
27392,1
27396,1
27405,0
27406,1
27408,1
27411,1
27414,0
27417,1
27418,1
27419,1
27421,1
27423,0
27424,0
27431,1
27434,0
27435,1
27436,1
27437,1
27438,1
27440,0
27442,1
27449,1
27453,1
27459,1
27462,1
27467,1
27470,1
27473,1
27478,1
27480,0
27483,1
27493,1
27500,1
27512,1
27513,1
27514,1
27516,1
27519,1
27520,0
27528,1
27529,0
27532,1
27536,0
27538,1
27539,1
27540,1
27541,1
27542,1
27545,1
27563,1
27566,1
27567,1
27571,1
27579,0
27589,1
27590,1
27593,1
27598,1
27606,1
27608,1
27618,0
27619,0
27622,1
27629,1
27630,1
27633,1
27640,1
27643,1
27649,1
27650,0
27651,1
27654,1
27660,1
27664,0
27668,1
27670,0
27671,1
27672,0
27676,1
27679,1
27688,1
27690,0
27692,1
27702,1
27718,0
27719,1
27724,1
27726,1
27742,1
27750,0
27757,0
27762,1
27763,0
27765,1
27770,0
27772,1
27780,0
27788,1
27794,0
27798,1
27805,0
27811,1
27820,0
27825,1
27826,1
27845,0
27847,1
27848,0
27849,1
27867,0
27869,0
27871,1
27872,1
27873,1
27874,1
27880,1
27882,1
27885,0
27888,1
27890,1
27898,1
27904,1
27916,0
27924,1
27931,1
27936,0
27942,0
27951,1
27952,0
27954,1
27961,1
27962,1
27968,1
27992,1
27995,0
27996,0
28004,1
28006,1
28012,0
28017,1
28019,1
28021,1
28025,1
28026,1
28027,1
28034,1
28041,0
28043,0
28045,1
28050,0
28053,0
28054,1
28061,1
28075,1
28080,0
28084,1
28087,1
28094,1
28099,0
28103,1
28110,1
28112,0
28113,1
28115,1
28119,0
28127,1
28130,1
28133,1
28134,0
28139,1
28142,1
28147,1
28150,1
28151,1
28154,1
28160,0
28162,0
28168,0
28171,0
28172,1
28176,1
28181,1
28184,1
28185,1
28196,1
28197,1
28204,0
28206,1
28207,1
28209,1
28210,1
28215,1
28216,1
28227,1
28229,1
28231,1
28232,1
28233,1
28234,1
28238,1
28249,0
28262,0
28267,1
28274,1
28276,1
28278,1
28279,1
28283,1
28284,1
28286,0
28287,0
28288,1
28299,1
28304,0
28305,1
28310,1
28315,1
28318,1
28325,1
28326,1
28327,1
28328,1
28329,0
28332,1
28335,1
28340,0
28345,1
28346,1
28349,1
28351,1
28353,1
28354,1
28361,1
28365,0
28367,0
28368,1
28372,1
28378,0
28384,1
28385,1
28406,1
28407,1
28411,1
28412,1
28413,1
28415,1
28417,1
28422,1
28423,1
28427,1
28441,1
28443,0
28444,1
28445,1
28450,1
28451,1
28453,1
28458,0
28460,1
28461,1
28464,1
28465,1
28467,1
28472,0
28473,0
28482,1
28490,1
28494,1
28496,0
28502,1
28503,1
28515,1
28519,1
28521,1
28524,0
28531,0
28537,1
28541,0
28551,1
28555,1
28563,1
28564,1
28569,1
28573,1
28579,1
28580,1
28582,1
28583,1
28586,0
28587,1
28589,1
28603,0
28608,1
28610,1
28614,1
28625,0
28635,1
28637,1
28648,1
28652,1
28654,1
28659,1
28661,1
28668,1
28669,1
28676,1
28677,1
28684,0
28693,0
28701,1
28703,1
28711,1
28713,1
28720,0
28721,1
28729,1
28731,1
28737,1
28739,1
28744,1
28751,1
28760,1
28761,1
28764,1
28772,1
28774,1
28777,0
28779,1
28783,1
28788,0
28789,1
28792,1
28801,0
28805,1
28806,1
28810,1
28815,1
28816,0
28819,1
28838,1
28846,1
28851,1
28855,1
28858,1
28861,1
28870,1
28871,0
28874,1
28875,0
28878,0
28879,1
28880,1
28882,1
28883,1
28885,1
28888,1
28891,1
28898,0
28900,0
28901,1
28903,0
28905,1
28906,1
28910,1
28911,1
28914,1
28920,1
28929,0
28930,1
28938,1
28940,0
28941,1
28947,0
28954,1
28963,1
28964,1
28971,0
28974,1
28984,1
28990,1
28992,1
28993,1
28994,1
28997,1
29000,0
29002,1
29003,1
29006,1
29008,0
29009,1
29014,1
29015,1
29017,1
29026,1
29028,0
29032,1
29033,0
29034,0
29036,1
29038,1
29042,1
29045,1
29049,1
29054,1
29056,1
29060,1
29062,0
29067,1
29070,0
29071,1
29073,1
29076,1
29077,1
29080,1
29082,1
29085,1
29086,0
29088,0
29092,1
29094,1
29095,1
29097,0
29106,0
29113,1
29114,1
29119,1
29123,1
29125,1
29130,0
29132,0
29142,0
29147,0
29154,0
29155,1
29158,1
29169,1
29178,1
29185,1
29187,1
29195,1
29200,0
29206,1
29207,0
29208,1
29211,1
29213,0
29214,1
29221,1
29226,1
29227,1
29229,1
29233,0
29234,1
29237,1
29239,1
29240,1
29241,1
29244,1
29252,1
29255,1
29260,1
29264,1
29267,0
29272,1
29275,0
29277,0
29280,1
29283,1
29289,0
29293,0
29297,1
29302,1
29310,1
29311,1
29315,1
29317,1
29321,1
29322,0
29323,1
29324,1
29339,1
29342,0
29348,1
29350,1
29352,1
29360,0
29361,1
29362,1
29365,1
29373,1
29376,0
29377,1
29382,1
29388,1
29389,1
29396,1
29401,0
29403,1
29407,1
29411,1
29414,1
29415,0
29418,1
29423,1
29424,1
29431,0
29432,1
29434,1
29438,0
29442,1
29445,1
29450,1
29460,1
29463,0
29464,1
29477,1
29480,1
29483,1
29486,1
29488,1
29492,1
29494,1
29496,0
29499,1
29501,1
29502,0
29506,1
29511,1
29512,1
29513,1
29514,1
29516,1
29520,0
29523,1
29525,1
29527,1
29528,1
29530,1
29532,1
29537,1
29544,1
29547,1
29548,1
29553,0
29554,0
29555,1
29557,1
29569,1
29570,1
29574,1
29577,1
29578,1
29582,0
29585,0
29591,1
29592,1
29600,0
29604,1
29605,1
29608,1
29612,1
29614,0
29616,1
29618,1
29619,1
29620,1
29623,1
29625,1
29627,0
29631,1
29633,1
29648,0
29649,1
29659,0
29662,1
29667,0
29670,1
29671,1
29676,1
29677,1
29678,1
29680,0
29681,1
29683,1
29685,1
29686,1
29687,1
29691,0
29694,1
29695,1
29696,1
29706,1
29713,1
29716,0
29718,0
29726,1
29727,1
29728,1
29729,1
29731,1
29736,1
29737,1
29743,1
29744,1
29746,1
29752,1
29756,1
29759,1
29773,1
29777,1
29778,0
29784,1
29787,1
29791,1
29792,1
29794,0
29798,0
29800,1
29803,0
29804,0
29808,1
29809,1
29811,1
29814,1
29825,0
29831,1
29835,0
29838,0
29839,1
29846,0
29849,1
29852,1
29854,1
29857,0
29860,1
29862,1
29867,1
29869,1
29872,1
29878,1
29884,1
29885,1
29887,0
29889,1
29891,0
29893,1
29895,1
29903,1
29905,1
29911,1
29915,1
29916,0
29919,0
29922,0
29924,1
29926,0
29931,0
29934,0
29942,1
29950,0
29957,0
29962,1
29963,1
29964,1
29970,1
29975,0
29986,1
29990,1
29993,1
29994,0
29996,1
29999,1
30006,0
30007,1
30009,0
30019,1
30021,1
30027,1
30030,1
30033,1
30035,1
30040,1
30041,0
30043,1
30050,0
30053,1
30055,1
30059,1
30071,1
30072,0
30074,1
30075,1
30084,0
30085,1
30089,1
30094,1
30100,1
30102,0
30103,1
30111,1
30114,1
30123,1
30133,1
30134,1
30136,1
30137,1
30149,1
30151,1
30154,1
30157,1
30162,1
30165,1
30190,1
30198,1
30201,1
30202,0
30203,1
30208,1
30210,1
30213,1
30217,1
30219,1
30222,1
30223,1
30226,0
30230,1
30233,0
30235,1
30243,1
30247,1
30248,1
30251,1
30254,1
30264,0
30267,1
30270,1
30271,1
30273,1
30282,0
30285,1
30287,1
30290,0
30297,0
30311,1
30312,1
30313,0
30323,0
30328,1
30329,0
30331,1
30332,1
30337,1
30346,1
30348,1
30350,1
30359,1
30360,1
30370,1
30376,1
30379,1
30381,0
30382,1
30384,1
30389,1
30394,1
30398,1
30402,1
30404,1
30406,0
30414,1
30418,0
30420,1
30424,1
30426,0
30433,1
30441,1
30442,0
30444,1
30452,0
30455,1
30458,0
30468,1
30479,1
30480,1
30481,1
30488,1
30493,1
30499,0
30500,0
30503,0
30507,1
30509,0
30510,1
30514,0
30515,1
30523,1
30526,1
30527,0
30530,1
30538,1
30540,0
30552,1
30559,0
30561,1
30562,1
30569,1
30582,1
30589,0
30592,1
30596,1
30599,1
30600,1
30605,0
30606,1
30609,0
30611,1
30620,1
30625,1
30626,1
30631,1
30634,0
30643,0
30649,1
30658,1
30663,0
30665,1
30671,1
30677,1
30683,1
30684,1
30691,0
30693,1
30695,1
30696,0
30697,1
30699,0
30704,1
30709,1
30715,1
30716,0
30719,1
30720,0
30726,1
30729,1
30736,1
30739,1
30744,1
30747,1
30750,1
30758,0
30760,1
30764,1
30768,0
30769,1
30774,1
30776,1
30787,0
30789,1
30794,1
30798,0
30803,0
30814,1
30815,1
30819,0
30820,1
30824,0
30825,1
30826,1
30827,1
30829,1
30838,1
30840,0
30843,1
30846,1
30847,1
30850,0
30852,0
30855,1
30859,1
30862,1
30867,1
30874,1
30876,1
30878,1
30881,1
30886,1
30893,1
30897,1
30901,1
30905,1
30914,1
30917,1
30919,1
30929,1
30932,1
30945,1
30951,1
30952,1
30955,1
30958,1
30959,1
30962,1
30963,0
30971,1
30974,1
30978,1
30985,0
30992,1
30995,0
31000,0
31006,1
31010,1
31012,0
31017,1
31018,0
31019,1
31023,1
31027,1
31031,1
31036,1
31043,0
31044,1
31048,1
31051,1
31054,0
31059,1
31061,1
31063,1
31065,1
31074,1
31076,1
31081,1
31086,1
31089,1
31090,1
31091,1
31096,1
31097,1
31098,1
31099,1
31102,1
31115,0
31129,1
31134,1
31141,1
31144,1
31152,1
31153,0
31155,1
31162,0
31167,1
31172,1
31173,1
31177,1
31178,1
31180,1
31181,1
31183,1
31186,1
31189,1
31196,1
31209,1
31212,1
31213,1
31214,1
31219,1
31221,1
31226,0
31227,0
31228,1
31229,1
31234,0
31237,0
31239,0
31240,0
31241,1
31245,0
31249,0
31251,1
31252,1
31255,1
31257,1
31258,1
31261,0
31271,1
31272,1
31273,1
31278,1
31286,1
31287,0
31289,1
31291,1
31308,1
31325,1
31327,1
31330,1
31333,1
31344,1
31350,1
31352,1
31355,1
31356,1
31359,1
31361,1
31363,1
31367,1
31370,0
31374,1
31375,0
31381,1
31389,1
31390,1
31395,1
31396,1
31401,1
31403,1
31419,1
31420,1
31425,1
31430,1
31432,1
31433,1
31436,1
31439,1
31447,0
31450,1
31454,0
31455,1
31456,1
31458,1
31462,0
31468,0
31474,1
31475,1
31482,1
31484,1
31491,1
31492,1
31495,1
31497,0
31499,1
31505,1
31509,1
31510,1
31521,1
31525,0
31532,1
31533,1
31535,1
31537,1
31541,1
31545,1
31547,0
31548,1
31550,0
31552,1
31556,0
31558,1
31559,1
31560,1
31561,1
31563,1
31567,1
31569,1
31570,0
31571,0
31580,1
31583,1
31585,1
31587,1
31591,1
31597,1
31612,1
31615,1
31617,1
31635,1
31637,1
31642,1
31643,0
31648,1
31652,0
31658,0
31659,1
31661,1
31663,1
31674,1
31680,0
31681,0
31684,0
31689,1
31690,1
31694,1
31696,1
31710,1
31715,0
31722,1
31724,1
31735,1
31737,1
31741,1
31748,1
31754,1
31757,1
31758,1
31759,1
31761,1
31762,1
31763,1
31769,0
31773,1
31777,1
31780,1
31782,1
31783,1
31791,0
31804,1
31809,1
31810,0
31811,1
31837,1
31839,1
31843,0
31846,0
31848,1
31849,1
31861,1
31866,1
31876,1
31884,0
31890,1
31891,1
31892,0
31897,1
31899,1
31902,1
31903,1
31904,0
31918,1
31920,1
31928,1
31931,1
31934,0
31935,1
31944,1
31945,1
31950,0
31956,1
31958,0
31959,1
31969,1
31971,1
31977,1
31978,1
31981,1
31993,1
31998,1
32000,1
32001,1
32004,1
32006,1
32009,1
32010,1
32011,1
32013,1
32014,1
32019,1
32022,1
32026,1
32027,0
32030,1
32034,1
32037,1
32040,1
32042,1
32044,0
32050,1
32062,1
32069,1
32072,1
32074,0
32076,1
32082,1
32087,1
32093,0
32097,1
32105,0
32112,1
32113,1
32115,1
32119,0
32120,1
32124,1
32125,1
32130,1
32131,1
32134,0
32137,1
32138,1
32139,1
32144,1
32147,1
32151,1
32153,1
32155,1
32156,1
32160,0
32163,0
32168,1
32174,1
32180,1
32181,1
32183,1
32187,1
32188,1
32192,1
32194,1
32199,1
32202,1
32210,0
32215,0
32218,1
32223,1
32224,1
32227,1
32228,1
32229,0
32236,0
32238,1
32251,1
32252,1
32262,1
32263,1
32273,0
32277,1
32287,1
32291,0
32300,1
32305,1
32308,1
32310,0
32313,1
32314,1
32315,1
32316,1
32318,1
32322,1
32325,1
32331,0
32336,1
32339,1
32342,1
32344,1
32345,1
32350,0
32355,1
32367,0
32376,1
32381,1
32385,1
32388,1
32389,0
32390,1
32392,1
32396,1
32399,1
32408,1
32411,1
32412,1
32413,1
32422,1
32427,0
32429,0
32432,1
32436,1
32437,1
32441,1
32448,1
32455,1
32456,1
32458,0
32465,1
32466,1
32469,1
32470,1
32471,1
32474,1
32484,0
32485,0
32490,1
32491,1
32494,1
32496,1
32497,1
32501,1
32503,1
32505,0
32506,1
32512,0
32513,1
32516,1
32520,1
32521,1
32524,1
32525,1
32526,1
32532,1
32535,0
32536,1
32541,1
32544,1
32546,1
32547,0
32556,1
32565,1
32569,1
32571,1
32574,1
32580,1
32583,1
32587,1
32588,1
32592,1
32595,1
32597,1
32599,0
32602,1
32611,1
32613,1
32614,1
32620,1
32625,1
32626,1
32627,1
32628,1
32629,0
32630,1
32632,1
32634,0
32638,1
32646,0
32648,1
32656,1
32662,1
32664,1
32667,1
32670,1
32675,1
32676,0
32681,0
32694,0
32695,0
32699,0
32704,1
32713,1
32720,1
32724,1
32725,0
32727,1
32731,1
32735,1
32748,1
32751,1
32755,1
32770,1
32771,1
32775,1
32776,1
32778,1
32780,1
32785,1
32789,0
32790,1
32799,1
32810,0
32812,1
32819,1
32822,1
32826,1
32831,0
32842,1
32843,0
32850,1
32853,1
32856,1
32857,0
32859,0
32862,1
32864,1
32869,1
32870,1
32875,1
32881,0
32889,1
32894,1
32896,1
32897,1
32906,1
32908,0
32913,0
32916,1
32918,1
32926,1
32929,0
32932,1
32933,1
32934,1
32935,1
32946,0
32951,1
32952,1
32954,1
32967,1
32968,1
32972,1
32975,1
32977,1
32992,1
33008,0
33014,1
33019,1
33021,1
33024,1
33033,1
33034,1
33035,1
33036,1
33041,0
33045,1
33058,1
33061,0
33063,1
33073,0
33076,0
33080,1
33081,0
33083,1
33086,1
33087,1
33088,1
33091,0
33092,1
33094,0
33101,1
33113,1
33117,1
33122,1
33146,1
33159,1
33161,0
33166,1
33173,0
33174,1
33178,1
33180,1
33183,1
33196,0
33198,0
33206,1
33207,1
33208,1
33212,0
33213,0
33215,1
33216,1
33223,0
33230,1
33236,0
33239,1
33245,1
33248,1
33251,0
33253,1
33258,1
33268,0
33273,0
33277,1
33285,0
33304,1
33309,1
33312,0
33317,0
33323,1
33325,1
33328,1
33330,0
33340,0
33342,1
33345,1
33347,0
33350,0
33353,0
33354,1
33355,1
33358,0
33363,1
33373,1
33377,1
33382,0
33385,1
33389,1
33395,1
33401,1
33402,1
33405,1
33414,1
33420,1
33421,1
33422,1
33426,1
33429,0
33434,1
33438,1
33446,1
33450,1
33451,1
33457,0
33459,1
33461,0
33470,1
33473,1
33478,1
33479,1
33481,1
33494,1
33497,1
33502,1
33510,0
33512,1
33513,0
33515,0
33516,0
33527,1
33536,1
33537,1
33542,1
33543,1
33544,1
33551,1
33552,1
33555,1
33556,1
33557,1
33561,0
33567,1
33568,0
33579,1
33589,1
33590,1
33591,1
33597,1
33601,1
33602,0
33605,0
33609,1
33619,1
33627,1
33628,1
33629,1
33631,1
33634,1
33638,0
33640,1
33655,1
33656,1
33658,1
33663,1
33665,1
33667,1
33668,1
33669,1
33679,0
33685,0
33686,1
33688,1
33692,1
33693,1
33694,1
33696,0
33698,0
33705,1
33715,1
33720,1
33723,0
33725,1
33727,1
33730,0
33733,1
33738,0
33744,1
33748,1
33751,0
33755,1
33758,1
33780,1
33781,1
33791,1
33797,1
33798,1
33802,1
33803,0
33809,1
33827,1
33839,1
33840,1
33842,1
33843,1
33846,1
33855,0
33858,1
33862,0
33863,1
33864,1
33866,1
33871,0
33872,1
33874,0
33881,1
33886,1
33890,1
33892,0
33903,1
33906,0
33911,1
33914,1
33916,1
33919,0
33920,0
33929,1
33939,0
33940,0
33949,0
33953,1
33956,1
33958,1
33966,1
33967,1
33971,1
33972,1
33976,1
33981,1
33985,1
33986,1
33995,1
33996,1
33998,1
34000,0
34006,1
34026,1
34027,1
34033,1
34035,1
34039,1
34047,0
34051,1
34053,1
34054,0
34056,1
34059,1
34060,1
34061,1
34062,0
34064,1
34066,1
34072,1
34080,1
34084,1
34087,1
34088,1
34091,1
34092,0
34102,1
34109,1
34110,1
34112,1
34118,1
34123,0
34125,1
34131,0
34134,1
34139,1
34140,1
34145,1
34146,1
34152,1
34156,1
34157,0
34162,1
34166,0
34171,1
34175,1
34180,1
34182,1
34185,0
34186,1
34187,1
34190,1
34193,1
34197,1
34203,0
34206,1
34209,0
34210,1
34211,1
34225,1
34226,0
34243,1
34245,0
34249,1
34251,1
34252,1
34259,1
34261,1
34264,1
34269,1
34270,1
34271,1
34282,1
34284,0
34288,1
34290,1
34292,1
34296,0
34306,1
34307,1
34313,1
34315,1
34316,1
34326,1
34332,1
34335,1
34336,1
34337,1
34341,1
34344,1
34346,1
34347,1
34348,1
34350,1
34367,1
34369,0
34370,1
34371,1
34373,1
34375,1
34395,1
34396,0
34397,1
34416,1
34420,0
34423,1
34424,1
34425,1
34427,1
34430,1
34439,1
34441,1
34445,1
34446,1
34451,0
34453,1
34456,0
34457,1
34458,1
34462,1
34463,1
34464,1
34467,0
34474,0
34479,1
34486,0
34488,1
34489,1
34495,1
34499,0
34501,1
34507,1
34509,1
34510,1
34513,1
34515,1
34517,1
34520,1
34521,1
34533,1
34541,1
34549,0
34555,0
34556,1
34563,0
34564,1
34571,1
34576,0
34581,1
34584,1
34590,1
34592,1
34593,1
34594,0
34597,1
34602,0
34612,0
34613,1
34618,1
34620,1
34622,0
34623,1
34624,1
34628,1
34635,1
34636,0
34638,1
34642,1
34645,1
34651,1
34656,1
34660,0
34664,1
34667,1
34669,1
34670,1
34671,0
34674,0
34676,1
34677,0
34680,0
34681,1
34682,1
34687,1
34688,0
34697,1
34699,0
34703,1
34715,1
34719,0
34720,0
34727,1
34732,1
34735,0
34736,1
34738,1
34744,1
34749,1
34750,1
34754,1
34758,1
34761,0
34767,1
34771,1
34781,1
34793,1
34794,1
34796,1
34798,0
34808,0
34809,1
34812,1
34814,1
34815,0
34821,1
34824,1
34825,1
34826,1
34829,0
34831,1
34835,1
34836,1
34840,0
34844,0
34856,1
34857,1
34866,0
34867,1
34869,1
34871,1
34872,1
34874,1
34885,1
34886,1
34888,1
34890,1
34892,1
34901,1
34909,1
34910,1
34914,1
34916,0
34918,1
34924,1
34926,1
34930,1
34934,1
34938,1
34941,1
34947,1
34963,1
34977,1
34978,0
34980,1
34982,0
34996,1
35001,1
35002,0
35005,1
35016,0
35038,1
35042,0
35048,1
35050,1
35052,1
35059,1
35087,1
35097,1
35098,1
35100,1
35103,1
35108,1
35117,0
35119,1
35122,1
35124,1
35125,1
35133,1
35139,0
35144,0
35145,0
35153,1
35154,1
35158,1
35160,1
35163,1
35166,1
35169,1
35171,1
35177,1
35179,1
35180,1
35181,1
35182,1
35187,0
35196,1
35197,1
35205,1
35206,1
35207,1
35210,1
35215,1
35220,1
35223,1
35226,1
35232,1
35234,1
35241,0
35244,1
35245,1
35248,1
35254,1
35258,1
35261,1
35264,1
35268,1
35269,1
35270,1
35271,0
35274,1
35280,0
35284,1
35287,1
35290,0
35294,1
35299,0
35303,1
35307,0
35310,1
35312,1
35313,1
35317,1
35324,1
35329,1
35330,1
35331,1
35332,1
35333,1
35338,1
35341,1
35342,1
35343,1
35348,1
35359,0
35362,0
35363,1
35365,0
35366,1
35367,0
35369,1
35370,1
35371,1
35380,0
35390,1
35392,1
35393,1
35396,1
35402,1
35405,1
35407,1
35409,1
35411,1
35414,0
35427,0
35435,0
35442,1
35446,0
35449,1
35461,1
35469,0
35470,1
35473,1
35478,1
35481,1
35482,1
35486,0
35489,1
35491,0
35493,1
35498,1
35504,1
35507,0
35515,1
35516,1
35521,1
35527,1
35530,1
35537,1
35539,1
35541,1
35546,1
35547,0
35548,1
35565,1
35569,1
35571,1
35572,1
35574,0
35586,0
35588,0
35593,1
35594,1
35596,1
35603,1
35607,0
35609,1
35627,1
35629,1
35631,1
35637,1
35642,1
35643,1
35645,1
35648,1
35652,1
35658,1
35666,1
35669,1
35672,1
35674,1
35683,1
35685,1
35688,0
35697,0
35711,1
35715,1
35719,0
35721,0
35728,1
35729,0
35742,1
35744,1
35748,1
35757,0
35759,1
35767,1
35768,0
35770,1
35773,1
35774,1
35776,1
35778,0
35780,1
35786,1
35789,1
35790,1
35795,0
35797,1
35802,0
35805,1
35809,1
35813,0
35818,0
35822,1
35824,1
35826,1
35827,1
35829,1
35830,1
35835,1
35845,1
35848,1
35853,1
35857,1
35859,0
35861,1
35863,1
35872,1
35873,1
35874,0
35878,1
35881,1
35883,1
35887,1
35890,1
35897,1
35904,1
35907,1
35913,1
35914,0
35921,1
35922,1
35923,1
35930,1
35931,1
35933,1
35937,1
35940,1
35946,1
35958,0
35959,1
35968,0
35971,1
35972,1
35973,1
35977,0
35981,0
35988,1
35991,1
35999,0
36002,1
36003,1
36005,1
36009,1
36012,1
36015,1
36025,0
36032,0
36039,1
36040,0
36048,1
36049,1
36050,1
36054,1
36057,1
36059,1
36065,1
36076,1
36077,0
36090,1
36103,1
36111,1
36112,1
36114,1
36116,1
36118,1
36119,1
36122,0
36124,1
36128,1
36129,1
36135,1
36139,0
36141,1
36144,1
36146,0
36154,1
36157,1
36159,1
36169,0
36171,1
36179,1
36182,1
36184,1
36188,1
36189,1
36194,1
36199,1
36201,1
36203,1
36204,0
36206,0
36207,1
36214,0
36216,1
36217,1
36219,1
36232,1
36233,1
36234,1
36237,0
36241,1
36252,1
36256,1
36269,1
36274,1
36275,0
36279,1
36283,1
36285,1
36286,1
36299,1
36304,1
36305,1
36307,1
36308,1
36315,0
36319,1
36320,1
36322,0
36323,1
36327,1
36328,0
36329,1
36331,1
36333,1
36334,1
36335,0
36337,1
36339,1
36347,1
36348,0
36350,1
36351,1
36356,1
36365,0
36367,1
36369,1
36371,1
36377,1
36384,1
36389,1
36397,1
36405,1
36407,1
36413,1
36414,0
36415,1
36428,1
36431,1
36432,1
36433,1
36436,1
36444,1
36447,1
36459,1
36461,1
36464,1
36475,1
36477,1
36481,1
36483,1
36501,1
36506,1
36507,1
36512,0
36516,1
36524,1
36530,0
36531,0
36538,1
36539,1
36542,1
36545,1
36556,1
36557,1
36558,1
36559,1
36560,0
36562,1
36565,1
36566,1
36568,0
36572,0
36576,1
36579,1
36588,1
36591,1
36592,0
36595,1
36599,0
36601,1
36613,1
36617,0
36618,1
36621,0
36622,0
36626,1
36629,1
36633,1
36634,1
36636,1
36639,1
36640,0
36642,0
36649,0
36652,1
36657,1
36661,0
36662,1
36669,1
36678,1
36684,1
36685,1
36687,1
36689,1
36690,1
36692,1
36695,1
36696,1
36697,1
36703,1
36704,1
36707,1
36714,1
36715,1
36721,1
36724,1
36725,1
36728,0
36729,0
36731,1
36737,1
36738,1
36744,1
36746,1
36747,1
36748,1
36750,0
36751,1
36753,1
36754,1
36759,0
36763,1
36769,1
36770,1
36776,1
36780,1
36781,1
36782,1
36791,1
36794,1
36797,0
36799,1
36800,1
36805,1
36808,1
36813,1
36817,0
36825,1
36826,1
36830,0
36831,1
36837,1
36839,1
36840,1
36845,1
36849,0
36850,1
36853,1
36860,1
36866,1
36868,1
36872,1
36873,0
36879,1
36881,1
36882,1
36888,1
36898,1
36901,1
36902,0
36903,1
36909,1
36917,1
36919,1
36920,1
36924,0
36925,1
36937,1
36939,1
36946,1
36953,0
36961,0
36963,0
36964,1
36968,1
36972,1
36976,1
36979,1
36992,1
36998,0
37003,0
37010,0
37014,1
37016,1
37022,1
37024,0
37026,1
37031,0
37032,0
37040,0
37041,1
37045,1
37047,1
37049,1
37054,1
37060,1
37061,1
37062,1
37063,1
37068,0
37077,1
37078,1
37079,1
37082,1
37091,0
37097,0
37099,0
37102,1
37107,1
37111,1
37112,0
37116,1
37124,1
37125,1
37126,1
37135,1
37138,1
37153,1
37167,1
37175,1
37179,1
37183,1
37185,0
37192,1
37193,0
37195,1
37200,1
37205,1
37206,1
37211,1
37212,1
37214,1
37229,1
37233,1
37239,1
37241,1
37244,1
37248,1
37249,0
37251,0
37254,1
37259,1
37262,1
37264,1
37272,1
37279,1
37280,0
37283,1
37285,0
37287,1
37289,0
37290,1
37297,1
37303,1
37309,1
37311,1
37313,1
37323,1
37334,1
37335,0
37341,1
37344,1
37345,1
37347,0
37348,1
37351,1
37352,0
37356,0
37359,0
37362,1
37368,1
37371,0
37381,0
37394,1
37395,1
37400,1
37401,1
37405,1
37412,1
37413,1
37425,0
37426,1
37428,1
37429,1
37434,1
37437,1
37440,1
37441,1
37444,1
37447,1
37451,0
37452,1
37461,1
37462,1
37466,1
37467,1
37469,1
37474,1
37477,1
37479,1
37481,1
37492,0
37493,0
37494,1
37496,1
37498,1
37502,1
37505,1
37516,1
37522,1
37526,0
37528,1
37529,1
37532,1
37537,0
37548,1
37554,1
37556,0
37559,1
37562,1
37564,1
37566,0
37573,1
37578,1
37584,1
37585,1
37587,1
37589,1
37590,1
37599,1
37605,1
37608,1
37611,0
37612,1
37614,0
37615,0
37616,1
37630,1
37636,1
37645,0
37646,1
37647,1
37648,1
37651,1
37654,1
37656,1
37665,1
37667,1
37669,1
37674,0
37680,0
37685,1
37688,1
37691,1
37694,1
37695,1
37703,1
37706,1
37711,1
37719,1
37724,1
37729,0
37732,1
37745,1
37746,1
37748,1
37749,1
37761,1
37762,1
37764,1
37770,1
37771,1
37774,1
37781,1
37790,1
37796,1
37803,1
37809,1
37815,1
37816,1
37822,1
37835,1
37836,0
37841,1
37844,1
37847,1
37848,1
37849,1
37852,0
37855,1
37859,0
37870,1
37873,1
37875,1
37878,1
37879,0
37881,1
37883,1
37884,0
37885,0
37889,0
37890,0
37892,1
37894,1
37899,1
37911,1
37913,1
37918,1
37922,0
37929,1
37933,1
37945,1
37946,1
37949,1
37950,0
37961,1
37964,1
37967,1
37968,1
37969,1
37971,1
37972,0
37974,1
37985,1
37988,1
38003,1
38004,1
38008,0
38012,1
38015,1
38016,0
38020,1
38022,1
38025,1
38027,1
38028,1
38040,1
38043,1
38051,0
38053,1
38056,1
38057,1
38060,1
38061,1
38062,1
38064,1
38066,1
38071,0
38072,1
38075,1
38078,0
38079,1
38087,1
38090,1
38092,1
38094,1
38101,1
38103,1
38115,1
38117,0
38118,1
38123,0
38125,0
38128,0
38129,1
38136,1
38137,0
38144,1
38145,1
38147,1
38150,0
38155,1
38156,1
38157,0
38165,1
38166,1
38169,0
38171,1
38176,1
38177,1
38178,0
38179,1
38180,1
38185,1
38186,1
38188,0
38190,1
38192,0
38193,1
38195,0
38201,1
38203,1
38204,1
38210,1
38217,1
38221,1
38226,0
38230,0
38235,1
38240,0
38248,0
38250,0
38251,1
38259,1
38260,1
38264,1
38268,1
38272,1
38275,1
38278,1
38279,0
38281,1
38288,0
38292,1
38293,1
38297,1
38299,1
38301,1
38305,1
38308,0
38312,1
38319,1
38320,1
38321,1
38325,1
38328,0
38339,1
38344,1
38347,0
38348,1
38351,1
38353,0
38358,1
38365,1
38366,1
38367,1
38369,1
38370,1
38375,1
38378,1
38381,1
38382,1
38385,0
38388,1
38389,1
38390,1
38393,1
38415,0
38419,1
38421,0
38430,1
38433,1
38434,0
38439,1
38440,1
38458,1
38481,0
38489,1
38494,1
38498,0
38507,1
38508,1
38518,1
38524,1
38530,1
38534,1
38537,1
38538,1
38539,1
38543,1
38547,1
38551,1
38553,1
38555,1
38559,0
38570,1
38571,1
38572,0
38574,0
38577,1
38579,1
38581,1
38586,1
38589,0
38593,1
38594,1
38595,0
38602,1
38611,1
38613,1
38614,1
38615,0
38622,0
38626,0
38627,1
38628,1
38630,1
38631,0
38632,0
38634,0
38636,1
38637,1
38645,1
38649,1
38650,1
38654,1
38658,1
38669,1
38672,1
38679,1
38680,1
38681,1
38683,1
38685,1
38686,1
38687,1
38688,1
38692,1
38701,1
38707,0
38712,1
38716,1
38719,1
38723,0
38725,0
38726,1
38728,1
38729,1
38733,1
38734,1
38736,0
38737,0
38738,0
38740,1
38742,1
38746,0
38749,0
38756,0
38759,0
38764,0
38766,0
38770,1
38772,0
38774,1
38775,1
38781,1
38783,1
38784,0
38787,1
38795,0
38797,0
38800,1
38805,1
38806,1
38808,1
38811,1
38817,1
38822,1
38823,1
38826,1
38834,1
38836,0
38842,0
38843,1
38853,0
38854,1
38855,1
38861,1
38866,0
38870,0
38871,1
38875,1
38877,0
38882,0
38885,1
38889,1
38893,1
38894,1
38905,0
38909,1
38914,0
38915,1
38917,1
38919,1
38921,1
38929,0
38935,1
38937,0
38944,1
38949,0
38951,1
38955,1
38956,1
38958,1
38961,1
38975,0
38999,1
39002,1
39010,1
39013,1
39014,0
39015,1
39024,0
39030,1
39031,0
39036,1
39037,0
39044,1
39053,1
39054,0
39058,1
39071,1
39073,1
39074,1
39077,0
39081,1
39082,1
39087,1
39094,0
39096,1
39097,1
39099,1
39102,1
39103,1
39104,1
39115,1
39116,1
39118,0
39120,1
39122,1
39134,1
39138,1
39139,1
39140,1
39146,1
39148,1
39150,0
39154,1
39155,1
39158,1
39161,1
39163,1
39169,1
39175,1
39180,1
39185,1
39186,1
39188,1
39200,1
39206,1
39209,1
39218,0
39219,1
39229,1
39230,1
39241,1
39242,1
39254,1
39270,0
39275,1
39277,1
39287,1
39293,1
39303,1
39304,1
39307,1
39308,0
39311,0
39312,1
39320,1
39324,1
39332,1
39333,0
39337,0
39338,1
39342,1
39344,1
39351,1
39358,1
39360,0
39361,1
39367,0
39371,1
39374,1
39375,1
39384,1
39386,0
39388,1
39390,1
39398,1
39408,1
39410,0
39412,1
39418,1
39426,1
39429,0
39430,1
39433,1
39439,0
39442,1
39443,1
39444,1
39446,1
39449,1
39457,0
39464,1
39465,1
39466,1
39472,0
39474,1
39478,0
39480,1
39482,1
39488,1
39492,1
39500,1
39504,1
39507,0
39510,0
39512,1
39516,1
39519,1
39533,1
39538,1
39540,1
39548,1
39550,1
39551,1
39552,1
39556,1
39565,1
39571,1
39573,1
39575,0
39577,0
39585,1
39586,0
39587,1
39591,1
39598,1
39599,1
39600,1
39601,1
39610,1
39616,1
39621,1
39624,1
39628,1
39630,1
39635,1
39639,0
39640,1
39642,0
39653,0
39654,1
39655,0
39657,1
39661,1
39666,1
39671,1
39674,1
39676,1
39679,1
39680,1
39688,1
39689,1
39690,1
39697,1
39699,1
39701,0
39709,0
39712,1
39723,0
39724,1
39733,1
39736,1
39741,1
39742,1
39744,1
39745,1
39747,1
39748,1
39750,1
39757,1
39763,1
39768,1
39782,0
39785,0
39796,1
39808,0
39811,0
39812,0
39813,1
39815,1
39816,1
39818,0
39823,1
39825,1
39831,1
39833,0
39834,1
39836,1
39837,1
39842,1
39843,1
39846,1
39847,1
39848,0
39852,1
39856,1
39857,1
39858,0
39860,1
39863,0
39864,1
39866,1
39867,1
39874,0
39881,1
39887,1
39896,0
39897,1
39898,1
39903,1
39908,1
39913,0
39916,1
39927,1
39932,1
39933,1
39934,1
39936,1
39937,1
39939,1
39941,1
39946,1
39948,0
39960,0
39968,0
39970,0
39972,1
39976,1
39979,1
39980,1
39983,1
39986,1
39992,1
39996,0
39998,0
